Activity Date,Process Date,Settle Date,Instrument,Description,Trans Code,Quantity,Price,Amount
6/13/24,6/13/24,6/14/24,HIMS,HIMS 7/19/2024 Call $24.00,BTO,1,$2.10 ,($210.03)
6/13/24,6/13/24,6/14/24,,ACH Deposit,ACH,,,$20.00 
6/13/24,6/13/24,6/14/24,RYCEY,"Rolls-Royce
CUSIP: 775781206",Buy,20,$5.91 ,($118.20)
6/13/24,6/13/24,6/14/24,NVDA,"NVIDIA
CUSIP: 67066G104",Buy,5,$127.56 ,($637.80)
6/12/24,6/12/24,6/13/24,VOO,"Vanguard S&P 500 ETF
CUSIP: 922908363
Recurring",Buy,0.020046,$498.83 ,($10.00)
6/12/24,6/12/24,6/13/24,PLTR,"Palantir Technologies
CUSIP: 69608A108
Recurring",Buy,0.41876,$23.88 ,($10.00)
6/12/24,6/12/24,6/13/24,SNOW,SNOW 8/16/2024 Call $130.00,BTO,1,$9.95 ,($995.03)
6/12/24,6/12/24,6/13/24,HIMS,HIMS 11/15/2024 Call $22.00,STC,2,$5.90 ,"$1,179.89 "
6/12/24,6/12/24,6/13/24,,ACH Deposit,ACH,,,$20.00 
6/12/24,6/12/24,6/13/24,PLTR,PLTR 11/15/2024 Call $24.00,BTO,2,$3.73 ,($746.06)
6/12/24,6/12/24,6/13/24,PLTR,PLTR 11/15/2024 Call $24.00,BTC,1,$3.74 ,($374.03)
6/12/24,6/12/24,6/13/24,PLTR,PLTR 11/15/2024 Call $24.00,BTC,1,$3.74 ,($374.03)
6/12/24,6/12/24,6/13/24,RYCEY,"Rolls-Royce
CUSIP: 775781206",Buy,5,$5.98 ,($29.90)
6/12/24,6/12/24,6/13/24,PLTR,PLTR 11/15/2024 Call $24.00,STO,2,$3.70 ,$739.90 
6/11/24,6/11/24,6/12/24,VOO,"Vanguard S&P 500 ETF
CUSIP: 922908363
Recurring",Buy,0.020355,$491.26 ,($10.00)
6/11/24,6/11/24,6/12/24,PLTR,"Palantir Technologies
CUSIP: 69608A108
Recurring",Buy,0.419815,$23.82 ,($10.00)
6/11/24,6/11/24,6/12/24,,ACH Deposit,ACH,,,$20.00 
6/11/24,6/11/24,6/12/24,HIMS,HIMS 11/15/2024 Call $22.00,BTO,2,$4.20 ,($840.06)
6/10/24,6/10/24,6/11/24,VOO,"Vanguard S&P 500 ETF
CUSIP: 922908363
Recurring",Buy,0.020359,$491.18 ,($10.00)
6/10/24,6/10/24,6/11/24,PLTR,"Palantir Technologies
CUSIP: 69608A108
Recurring",Buy,0.436871,$22.89 ,($10.00)
6/10/24,6/10/24,6/11/24,,ACH Deposit,ACH,,,$20.00 
6/10/24,6/10/24,6/11/24,NVDA,"NVIDIA
CUSIP: 67066G104",Buy,5,$122.30 ,($611.53)
6/10/24,6/10/24,6/11/24,RYCEY,"Rolls-Royce
CUSIP: 775781206",Buy,5,$5.86 ,($29.30)
6/7/24,6/7/24,6/10/24,VOO,"Vanguard S&P 500 ETF
CUSIP: 922908363
Recurring",Buy,0.020285,$492.97 ,($10.00)
6/7/24,6/7/24,6/10/24,PLTR,"Palantir Technologies
CUSIP: 69608A108
Recurring",Buy,0.429368,$23.29 ,($10.00)
6/7/24,6/7/24,6/10/24,,ACH Deposit,ACH,,,$20.00 
6/6/24,6/6/24,6/7/24,PLTR,"Palantir Technologies
CUSIP: 69608A108
Recurring",Buy,0.419991,$23.81 ,($10.00)
6/6/24,6/6/24,6/7/24,VOO,"Vanguard S&P 500 ETF
CUSIP: 922908363
Recurring",Buy,0.020368,$490.96 ,($10.00)
6/6/24,6/6/24,6/7/24,RYCEY,"Rolls-Royce
CUSIP: 775781206",Buy,5,$5.81 ,($29.05)
6/6/24,6/6/24,6/7/24,,ACH Deposit,ACH,,,$20.00 
6/6/24,6/6/24,6/7/24,PLTR,PLTR 6/14/2024 Call $23.00,BTC,1,$1.11 ,($111.03)
6/6/24,6/6/24,6/7/24,PLTR,PLTR 6/14/2024 Call $23.00,BTC,1,$1.12 ,($112.03)
6/5/24,6/5/24,6/6/24,VOO,"Vanguard S&P 500 ETF
CUSIP: 922908363
Recurring",Buy,0.020415,$489.83 ,($10.00)
6/5/24,6/5/24,6/6/24,PLTR,"Palantir Technologies
CUSIP: 69608A108
Recurring",Buy,0.43956,$22.75 ,($10.00)
6/5/24,6/5/24,6/6/24,PLTR,PLTR 6/14/2024 Call $23.00,STO,2,$0.58 ,$115.92 
6/5/24,6/5/24,6/6/24,,ACH Deposit,ACH,,,$20.00 
6/4/24,6/4/24,6/5/24,VOO,"Vanguard S&P 500 ETF
CUSIP: 922908363
Recurring",Buy,0.020662,$483.98 ,($10.00)
6/4/24,6/4/24,6/5/24,PLTR,"Palantir Technologies
CUSIP: 69608A108
Recurring",Buy,0.45558,$21.95 ,($10.00)
6/4/24,6/4/24,6/5/24,PLTR,PLTR 6/14/2024 Call $27.00,BTO,4,$0.03 ,($12.12)
6/4/24,6/4/24,6/5/24,PLTR,PLTR 6/14/2024 Call $27.00,BTO,20,$0.04 ,($80.60)
6/4/24,6/4/24,6/5/24,RYCEY,"Rolls-Royce
CUSIP: 775781206",Buy,5,$5.71 ,($28.55)
6/4/24,6/4/24,6/5/24,,ACH Deposit,ACH,,,$20.00 
6/3/24,6/3/24,6/4/24,VOO,"Vanguard S&P 500 ETF
CUSIP: 922908363
Recurring",Buy,0.02073,$482.38 ,($10.00)
6/3/24,6/3/24,6/4/24,PLTR,"Palantir Technologies
CUSIP: 69608A108
Recurring",Buy,0.473709,$21.11 ,($10.00)
6/3/24,6/3/24,6/4/24,,ACH Deposit,ACH,,,$20.00 
6/3/24,6/3/24,6/4/24,RYCEY,"Rolls-Royce
CUSIP: 775781206",Buy,5,$5.83 ,($29.15)
5/31/24,5/31/24,6/3/24,SAVE,Option Expiration for SAVE 5/31/2024 Call $4.00,OEXP,4S,,
5/31/24,5/31/24,6/3/24,SAVE,SAVE 5/31/2024 Call $4.00,STC,1,$0.01 ,$0.95 
5/31/24,5/31/24,6/3/24,VOO,"Vanguard S&P 500 ETF
CUSIP: 922908363
Recurring",Buy,0.020889,$478.71 ,($10.00)
5/31/24,5/31/24,6/3/24,VOO,"Vanguard S&P 500 ETF
CUSIP: 922908363
Recurring",Buy,0.02089,$478.68 ,($10.00)
5/31/24,5/31/24,6/3/24,PLTR,"Palantir Technologies
CUSIP: 69608A108
Recurring",Buy,0.464252,$21.54 ,($10.00)
5/31/24,5/31/24,6/3/24,PLTR,"Palantir Technologies
CUSIP: 69608A108
Recurring",Buy,0.464252,$21.54 ,($10.00)
5/31/24,5/31/24,6/3/24,,ACH Deposit,ACH,,,$20.00 
5/30/24,5/30/24,5/31/24,,ACH Deposit,ACH,,,$20.00 
5/30/24,5/30/24,5/31/24,SHOP,SHOP 6/14/2024 Call $62.00,STC,1,$0.72 ,$71.95 
5/29/24,5/29/24,5/30/24,VOO,"Vanguard S&P 500 ETF
CUSIP: 922908363
Recurring",Buy,0.020657,$484.09 ,($10.00)
5/29/24,5/29/24,5/30/24,PLTR,"Palantir Technologies
CUSIP: 69608A108
Recurring",Buy,0.479386,$20.86 ,($10.00)
5/29/24,5/29/24,5/30/24,,ACH Deposit,ACH,,,$20.00 
5/28/24,5/28/24,5/29/24,VOO,"Vanguard S&P 500 ETF
CUSIP: 922908363
Recurring",Buy,0.020536,$486.93 ,($10.00)
5/28/24,5/28/24,5/29/24,PLTR,"Palantir Technologies
CUSIP: 69608A108
Recurring",Buy,0.473933,$21.10 ,($10.00)
5/28/24,5/28/24,5/29/24,,ACH Deposit,ACH,,,$20.00 
5/28/24,5/28/24,5/28/24,,Gold Subscription Fee,GOLD,,,($5.00)
5/28/24,5/28/24,5/28/24,,Aggregated Margin Rate,MINT,,,($162.53)
5/24/24,5/24/24,5/28/24,,ACH Deposit,ACH,,,$20.00 
5/23/24,5/23/24,5/28/24,VOO,"Vanguard S&P 500 ETF
CUSIP: 922908363
Recurring",Buy,0.020559,$486.40 ,($10.00)
5/23/24,5/23/24,5/28/24,PLTR,"Palantir Technologies
CUSIP: 69608A108
Recurring",Buy,0.474158,$21.09 ,($10.00)
5/23/24,5/23/24,5/24/24,,ACH Deposit,ACH,,,$20.00 
5/23/24,5/23/24,5/24/24,SHOP,SHOP 6/14/2024 Call $62.00,BTO,1,$1.15 ,($115.03)
5/22/24,5/22/24,5/23/24,PLTR,PLTR 5/31/2024 Call $22.00,STC,1,$0.24 ,$23.95 
5/22/24,5/22/24,5/23/24,PLTR,PLTR 5/31/2024 Call $22.00,STC,4,$0.22 ,$87.86 
5/22/24,5/22/24,5/23/24,PLTR,PLTR 5/31/2024 Call $22.00,STC,1,$0.24 ,$23.95 
5/22/24,5/22/24,5/23/24,PLTR,PLTR 5/31/2024 Call $22.00,STC,2,$0.22 ,$43.92 
5/22/24,5/22/24,5/23/24,PLTR,PLTR 5/31/2024 Call $22.00,STC,2,$0.22 ,$43.92 
5/22/24,5/22/24,5/24/24,VOO,"Vanguard S&P 500 ETF
CUSIP: 922908363
Recurring",Buy,0.020498,$487.85 ,($10.00)
5/22/24,5/22/24,5/24/24,PLTR,"Palantir Technologies
CUSIP: 69608A108
Recurring",Buy,0.468603,$21.34 ,($10.00)
5/22/24,5/22/24,5/23/24,,ACH Deposit,ACH,,,$20.00 
5/21/24,5/21/24,5/23/24,VOO,"Vanguard S&P 500 ETF
CUSIP: 922908363
Recurring",Buy,0.020521,$487.29 ,($10.00)
5/21/24,5/21/24,5/23/24,PLTR,"Palantir Technologies
CUSIP: 69608A108
Recurring",Buy,0.471253,$21.22 ,($10.00)
5/21/24,5/21/24,5/22/24,,ACH Deposit,ACH,,,$20.00 
5/20/24,5/20/24,5/22/24,PLTR,"Palantir Technologies
CUSIP: 69608A108
Recurring",Buy,0.467508,$21.39 ,($10.00)
5/20/24,5/20/24,5/22/24,VOO,"Vanguard S&P 500 ETF
CUSIP: 922908363
Recurring",Buy,0.020515,$487.44 ,($10.00)
5/20/24,5/20/24,5/21/24,,ACH Deposit,ACH,,,$20.00 
5/17/24,5/17/24,5/20/24,QCOM,Option Expiration for QCOM 5/17/2024 Put $180.00,OEXP,1S,,
5/17/24,5/17/24,5/20/24,SNOW,Option Expiration for SNOW 5/17/2024 Call $180.00,OEXP,9S,,
5/17/24,5/17/24,5/21/24,PLTR,"Palantir Technologies
CUSIP: 69608A108
Recurring",Buy,0.459347,$21.77 ,($10.00)
5/17/24,5/17/24,5/21/24,VOO,"Vanguard S&P 500 ETF
CUSIP: 922908363
Recurring",Buy,0.020576,$486.00 ,($10.00)
5/17/24,5/17/24,5/20/24,,ACH Deposit,ACH,,,$20.00 
5/16/24,5/16/24,5/20/24,PLTR,"Palantir Technologies
CUSIP: 69608A108
Recurring",Buy,0.459136,$21.78 ,($10.00)
5/16/24,5/16/24,5/20/24,VOO,"Vanguard S&P 500 ETF
CUSIP: 922908363
Recurring",Buy,0.020525,$487.19 ,($10.00)
5/16/24,5/16/24,5/17/24,,ACH Deposit,ACH,,,$20.00 
5/15/24,5/15/24,5/17/24,PLTR,"Palantir Technologies
CUSIP: 69608A108
Recurring",Buy,0.4649,$21.51 ,($10.00)
5/15/24,5/15/24,5/17/24,VOO,"Vanguard S&P 500 ETF
CUSIP: 922908363
Recurring",Buy,0.020577,$485.97 ,($10.00)
5/15/24,5/15/24,5/17/24,PLTR,"Palantir Technologies
CUSIP: 69608A108
Recurring",Buy,0.464252,$21.54 ,($10.00)
5/15/24,5/15/24,5/17/24,VOO,"Vanguard S&P 500 ETF
CUSIP: 922908363
Recurring",Buy,0.020575,$486.01 ,($10.00)
5/15/24,5/15/24,5/16/24,,ACH Deposit,ACH,,,$20.00 
5/14/24,5/14/24,5/15/24,,ACH Deposit,ACH,,,$20.00 
5/13/24,5/13/24,5/14/24,,ACH Deposit,ACH,,,$20.00 
5/10/24,5/10/24,5/14/24,VOO,"Vanguard S&P 500 ETF
CUSIP: 922908363",Sell,0.386355,$478.24 ,$184.77 
5/10/24,5/10/24,5/14/24,GOOGL,"Alphabet Class A
CUSIP: 02079K305",Sell,1.113706,$167.81 ,$186.89 
5/10/24,5/10/24,5/14/24,MSFT,"Microsoft
CUSIP: 594918104",Sell,0.443867,$413.89 ,$183.71 
5/10/24,5/10/24,5/13/24,MSFT,MSFT 5/17/2024 Put $405.00,STC,1,$1.34 ,$133.95 
5/10/24,5/10/24,5/13/24,,ACH Deposit,ACH,,,$20.00 
5/9/24,5/9/24,5/13/24,VOO,"Vanguard S&P 500 ETF
CUSIP: 922908363
Recurring",Buy,0.020945,$477.42 ,($10.00)
5/9/24,5/9/24,5/13/24,PLTR,"Palantir Technologies
CUSIP: 69608A108
Recurring",Buy,0.469704,$21.29 ,($10.00)
5/9/24,5/9/24,5/10/24,,ACH Deposit,ACH,,,$20.00 
5/9/24,5/9/24,5/10/24,PLTR,PLTR 5/31/2024 Call $30.00,BTC,2,$0.04 ,($8.06)
5/9/24,5/9/24,5/10/24,PLTR,PLTR 5/31/2024 Call $30.00,BTC,3,$0.04 ,($12.09)
5/8/24,5/8/24,5/10/24,VOO,"Vanguard S&P 500 ETF
CUSIP: 922908363
Recurring",Buy,0.021067,$474.66 ,($10.00)
5/8/24,5/8/24,5/10/24,PLTR,"Palantir Technologies
CUSIP: 69608A108
Recurring",Buy,0.465116,$21.50 ,($10.00)
5/8/24,5/8/24,5/10/24,GOOGL,"Alphabet Class A
CUSIP: 02079K305
Recurring",Buy,0.059035,$169.39 ,($10.00)
5/8/24,5/8/24,5/10/24,MSFT,"Microsoft
CUSIP: 594918104
Recurring",Buy,0.024318,$411.21 ,($10.00)
5/8/24,5/8/24,5/9/24,,ACH Deposit,ACH,,,$40.00 
5/8/24,5/8/24,5/9/24,,ACH Deposit,ACH,,,"$1,600.00 "
5/7/24,5/7/24,5/9/24,VOO,"Vanguard S&P 500 ETF
CUSIP: 922908363
Recurring",Buy,0.020987,$476.48 ,($10.00)
5/7/24,5/7/24,5/9/24,PLTR,"Palantir Technologies
CUSIP: 69608A108
Recurring",Buy,0.463177,$21.59 ,($10.00)
5/7/24,5/7/24,5/9/24,MSFT,"Microsoft
CUSIP: 594918104
Recurring",Buy,0.024249,$412.38 ,($10.00)
5/7/24,5/7/24,5/9/24,GOOGL,"Alphabet Class A
CUSIP: 02079K305
Recurring",Buy,0.058394,$171.25 ,($10.00)
5/7/24,5/7/24,5/8/24,,ACH Deposit,ACH,,,$40.00 
5/6/24,5/6/24,5/8/24,VOO,"Vanguard S&P 500 ETF
CUSIP: 922908363
Recurring",Buy,0.021137,$473.09 ,($10.00)
5/6/24,5/6/24,5/8/24,PLTR,"Palantir Technologies
CUSIP: 69608A108
Recurring",Buy,0.399201,$25.05 ,($10.00)
5/6/24,5/6/24,5/8/24,MSFT,"Microsoft
CUSIP: 594918104
Recurring",Buy,0.024354,$410.61 ,($10.00)
5/6/24,5/6/24,5/8/24,GOOGL,"Alphabet Class A
CUSIP: 02079K305
Recurring",Buy,0.059847,$167.09 ,($10.00)
5/6/24,5/6/24,5/7/24,,ACH Deposit,ACH,,,$40.00 
5/6/24,5/6/24,5/7/24,SNOW,SNOW 5/31/2024 Call $170.00,STC,1,$7.30 ,$729.95 
5/6/24,5/6/24,5/7/24,PLTR,PLTR 6/14/2024 Call $27.00,BTO,1,$1.50 ,($150.03)
5/6/24,5/6/24,5/7/24,PLTR,PLTR 6/14/2024 Call $27.00,BTO,5,$1.56 ,($780.15)
5/3/24,5/3/24,5/7/24,PLTR,"Palantir Technologies
CUSIP: 69608A108
Recurring",Buy,0.434593,$23.01 ,($10.00)
5/3/24,5/3/24,5/7/24,GOOGL,"Alphabet Class A
CUSIP: 02079K305
Recurring",Buy,0.060211,$166.08 ,($10.00)
5/3/24,5/3/24,5/7/24,MSFT,"Microsoft
CUSIP: 594918104
Recurring",Buy,0.024638,$405.87 ,($10.00)
5/3/24,5/3/24,5/7/24,VOO,"Vanguard S&P 500 ETF
CUSIP: 922908363
Recurring",Buy,0.021282,$469.87 ,($10.00)
5/3/24,5/3/24,5/6/24,SOFI,SOFI 8/16/2024 Call $9.00,BTC,9,$0.34 ,($306.27)
5/3/24,5/3/24,5/6/24,SOFI,SOFI 8/16/2024 Call $9.00,BTC,1,$0.34 ,($34.03)
5/3/24,5/3/24,5/6/24,,ACH Deposit,ACH,,,$40.00 
5/3/24,5/3/24,5/6/24,MSFT,MSFT 5/17/2024 Put $405.00,BTO,1,$6.70 ,($670.03)
5/3/24,5/3/24,5/6/24,QCOM,QCOM 5/17/2024 Put $180.00,BTO,1,$4.26 ,($426.03)
5/3/24,5/3/24,5/6/24,SOFI,SOFI 8/16/2024 Call $9.00,STO,3,$0.39 ,$116.89 
5/3/24,5/3/24,5/6/24,SOFI,SOFI 8/16/2024 Call $9.00,STO,1,$0.39 ,$38.95 
5/3/24,5/3/24,5/6/24,SOFI,SOFI 8/16/2024 Call $9.00,STO,1,$0.39 ,$38.95 
5/3/24,5/3/24,5/6/24,SOFI,SOFI 8/16/2024 Call $9.00,STO,1,$0.39 ,$38.95 
5/3/24,5/3/24,5/6/24,SOFI,SOFI 8/16/2024 Call $9.00,STO,1,$0.39 ,$38.95 
5/3/24,5/3/24,5/6/24,SOFI,SOFI 8/16/2024 Call $9.00,STO,3,$0.39 ,$116.89 
5/3/24,5/3/24,5/6/24,SOFI,SOFI 11/15/2024 Call $11.00,BTC,2,$0.45 ,($90.06)
5/3/24,5/3/24,5/6/24,SOFI,SOFI 11/15/2024 Call $11.00,BTC,2,$0.45 ,($90.06)
5/3/24,5/3/24,5/6/24,SOFI,SOFI 11/15/2024 Call $11.00,BTC,3,$0.45 ,($135.09)
5/3/24,5/3/24,5/6/24,SOFI,SOFI 11/15/2024 Call $11.00,BTC,2,$0.45 ,($90.06)
5/3/24,5/3/24,5/6/24,SNOW,SNOW 5/17/2024 Call $180.00,STC,1,$0.63 ,$62.95 
5/3/24,5/3/24,5/6/24,PLTR,PLTR 5/31/2024 Call $22.00,STC,2,$2.72 ,$543.92 
5/3/24,5/3/24,5/6/24,SOFI,SOFI 11/15/2024 Call $11.00,BTC,1,$0.45 ,($45.03)
5/2/24,5/2/24,5/6/24,PLTR,"Palantir Technologies
CUSIP: 69608A108
Recurring",Buy,0.444247,$22.51 ,($10.00)
5/2/24,5/2/24,5/6/24,GOOGL,"Alphabet Class A
CUSIP: 02079K305
Recurring",Buy,0.060412,$165.53 ,($10.00)
5/2/24,5/2/24,5/6/24,MSFT,"Microsoft
CUSIP: 594918104
Recurring",Buy,0.025179,$397.15 ,($10.00)
5/2/24,5/2/24,5/6/24,VOO,"Vanguard S&P 500 ETF
CUSIP: 922908363
Recurring",Buy,0.021578,$463.43 ,($10.00)
5/2/24,5/2/24,5/3/24,PLTR,PLTR 5/31/2024 Call $22.00,BTO,2,$2.26 ,($452.06)
5/2/24,5/2/24,5/3/24,,ACH Deposit,ACH,,,$40.00 
5/1/24,5/1/24,5/2/24,PLTR,PLTR 5/31/2024 Call $30.00,STO,3,$0.27 ,$80.89 
5/1/24,5/1/24,5/2/24,PLTR,PLTR 5/31/2024 Call $30.00,STO,2,$0.26 ,$51.92 
5/1/24,5/1/24,5/3/24,VOO,"Vanguard S&P 500 ETF
CUSIP: 922908363
Recurring",Buy,0.021715,$460.50 ,($10.00)
5/1/24,5/1/24,5/3/24,PLTR,"Palantir Technologies
CUSIP: 69608A108
Recurring",Buy,0.455996,$21.93 ,($10.00)
5/1/24,5/1/24,5/3/24,GOOGL,"Alphabet Class A
CUSIP: 02079K305
Recurring",Buy,0.060938,$164.10 ,($10.00)
5/1/24,5/1/24,5/3/24,MSFT,"Microsoft
CUSIP: 594918104
Recurring",Buy,0.025327,$394.82 ,($10.00)
5/1/24,5/1/24,5/2/24,,ACH Deposit,ACH,,,$40.00 
5/1/24,5/1/24,5/2/24,,ACH Deposit,ACH,,,$750.00 
4/30/24,4/30/24,5/2/24,VOO,"Vanguard S&P 500 ETF
CUSIP: 922908363
Recurring",Buy,0.021527,$464.52 ,($10.00)
4/30/24,4/30/24,5/2/24,GOOGL,"Alphabet Class A
CUSIP: 02079K305
Recurring",Buy,0.060897,$164.21 ,($10.00)
4/30/24,4/30/24,5/2/24,MSFT,"Microsoft
CUSIP: 594918104
Recurring",Buy,0.025285,$395.48 ,($10.00)
4/30/24,4/30/24,5/2/24,PLTR,"Palantir Technologies
CUSIP: 69608A108
Recurring",Buy,0.451671,$22.14 ,($10.00)
4/30/24,4/30/24,5/1/24,SNOW,SNOW 5/17/2024 Call $180.00,STC,4,$0.85 ,$339.86 
4/30/24,4/30/24,5/1/24,,ACH Deposit,ACH,,,$40.00 
4/30/24,4/30/24,5/1/24,SNOW,SNOW 5/31/2024 Call $170.00,BTO,1,$6.10 ,($610.03)
4/29/24,4/29/24,5/1/24,VOO,"Vanguard S&P 500 ETF
CUSIP: 922908363
Recurring",Buy,0.021315,$469.14 ,($10.00)
4/29/24,4/29/24,5/1/24,PLTR,"Palantir Technologies
CUSIP: 69608A108
Recurring",Buy,0.439367,$22.76 ,($10.00)
4/29/24,4/29/24,5/1/24,GOOGL,"Alphabet Class A
CUSIP: 02079K305
Recurring",Buy,0.059887,$166.98 ,($10.00)
4/29/24,4/29/24,5/1/24,MSFT,"Microsoft
CUSIP: 594918104
Recurring",Buy,0.024933,$401.06 ,($10.00)
4/29/24,4/29/24,4/30/24,,ACH Deposit,ACH,,,$40.00 
4/29/24,4/29/24,4/30/24,PLTR,PLTR 5/31/2024 Call $22.00,BTO,2,$2.46 ,($492.06)
4/29/24,4/29/24,4/30/24,PLTR,PLTR 5/31/2024 Call $22.00,BTO,6,$2.46 ,"($1,476.18)"
4/29/24,4/29/24,4/30/24,PLTR,PLTR 5/31/2024 Call $22.00,BTO,2,$2.46 ,($492.06)
4/26/24,4/26/24,4/30/24,VOO,"Vanguard S&P 500 ETF
CUSIP: 922908363
Recurring",Buy,0.021339,$468.62 ,($10.00)
4/26/24,4/26/24,4/30/24,PLTR,"Palantir Technologies
CUSIP: 69608A108
Recurring",Buy,0.442086,$22.62 ,($10.00)
4/26/24,4/26/24,4/30/24,GOOGL,"Alphabet Class A
CUSIP: 02079K305
Recurring",Buy,0.058008,$172.39 ,($10.00)
4/26/24,4/26/24,4/30/24,MSFT,"Microsoft
CUSIP: 594918104
Recurring",Buy,0.024416,$409.56 ,($10.00)
4/26/24,4/26/24,4/29/24,,ACH Deposit,ACH,,,$40.00 
4/26/24,4/26/24,4/29/24,SNOW,SNOW 5/3/2024 Call $150.00,STC,1,$10.00 ,$999.95 
4/26/24,4/26/24,4/26/24,,Gold Subscription Fee,GOLD,,,($5.00)
4/26/24,4/26/24,4/26/24,,Aggregated Margin Rate,MINT,,,($226.49)
4/25/24,4/25/24,4/26/24,PLTR,PLTR 5/10/2024 Call $23.00,BTC,3,$1.10 ,($330.09)
4/25/24,4/25/24,4/26/24,PLTR,PLTR 5/10/2024 Call $23.00,BTC,1,$1.10 ,($110.03)
4/25/24,4/25/24,4/26/24,PLTR,PLTR 5/10/2024 Call $23.00,BTC,6,$1.10 ,($660.18)
4/25/24,4/25/24,4/29/24,VOO,"Vanguard S&P 500 ETF
CUSIP: 922908363
Recurring",Buy,0.021674,$461.37 ,($10.00)
4/25/24,4/25/24,4/29/24,PLTR,"Palantir Technologies
CUSIP: 69608A108
Recurring",Buy,0.465549,$21.48 ,($10.00)
4/25/24,4/25/24,4/29/24,GOOGL,"Alphabet Class A
CUSIP: 02079K305
Recurring",Buy,0.064238,$155.67 ,($10.00)
4/25/24,4/25/24,4/29/24,MSFT,"Microsoft
CUSIP: 594918104
Recurring",Buy,0.025253,$395.99 ,($10.00)
4/25/24,4/25/24,4/26/24,,ACH Deposit,ACH,,,$40.00 
4/24/24,4/24/24,4/26/24,VOO,"Vanguard S&P 500 ETF
CUSIP: 922908363
Recurring",Buy,0.021524,$464.58 ,($10.00)
4/24/24,4/24/24,4/26/24,PLTR,"Palantir Technologies
CUSIP: 69608A108
Recurring",Buy,0.461041,$21.69 ,($10.00)
4/24/24,4/24/24,4/26/24,MSFT,"Microsoft
CUSIP: 594918104
Recurring",Buy,0.024442,$409.13 ,($10.00)
4/24/24,4/24/24,4/26/24,GOOGL,"Alphabet Class A
CUSIP: 02079K305
Recurring",Buy,0.063147,$158.36 ,($10.00)
4/24/24,4/24/24,4/25/24,,ACH Deposit,ACH,,,$40.00 
4/23/24,4/23/24,4/25/24,VOO,"Vanguard S&P 500 ETF
CUSIP: 922908363
Recurring",Buy,0.021532,$464.41 ,($10.00)
4/23/24,4/23/24,4/25/24,PLTR,"Palantir Technologies
CUSIP: 69608A108
Recurring",Buy,0.464037,$21.55 ,($10.00)
4/23/24,4/23/24,4/25/24,GOOGL,"Alphabet Class A
CUSIP: 02079K305
Recurring",Buy,0.062996,$158.74 ,($10.00)
4/23/24,4/23/24,4/25/24,MSFT,"Microsoft
CUSIP: 594918104
Recurring",Buy,0.024565,$407.08 ,($10.00)
4/23/24,4/23/24,4/24/24,SNOW,SNOW 5/3/2024 Call $150.00,BTO,1,$5.45 ,($545.03)
4/23/24,4/23/24,4/24/24,,ACH Deposit,ACH,,,$10.02 
4/23/24,4/23/24,4/24/24,,ACH Deposit,ACH,,,$40.00 
4/22/24,4/22/24,4/24/24,VOO,"Vanguard S&P 500 ETF
CUSIP: 922908363
Recurring",Buy,0.021755,$459.65 ,($10.00)
4/22/24,4/22/24,4/24/24,PLTR,"Palantir Technologies
CUSIP: 69608A108
Recurring",Buy,0.480076,$20.83 ,($10.00)
4/22/24,4/22/24,4/24/24,GOOGL,"Alphabet Class A
CUSIP: 02079K305
Recurring",Buy,0.063698,$156.99 ,($10.00)
4/22/24,4/22/24,4/24/24,MSFT,"Microsoft
CUSIP: 594918104
Recurring",Buy,0.024991,$400.13 ,($10.00)
4/22/24,4/22/24,4/23/24,,ACH Deposit,ACH,,,$40.00 
4/19/24,4/19/24,4/23/24,PLTR,"Palantir Technologies
CUSIP: 69608A108
Recurring",Buy,0.484261,$20.65 ,($10.00)
4/19/24,4/19/24,4/23/24,GOOGL,"Alphabet Class A
CUSIP: 02079K305
Recurring",Buy,0.06493,$154.01 ,($10.00)
4/19/24,4/19/24,4/23/24,MSFT,"Microsoft
CUSIP: 594918104
Recurring",Buy,0.025037,$399.40 ,($10.00)
4/19/24,4/19/24,4/23/24,VOO,"Vanguard S&P 500 ETF
CUSIP: 922908363
Recurring",Buy,0.021899,$456.64 ,($10.00)
4/19/24,4/19/24,4/22/24,,ACH Deposit,ACH,,,$40.00 
4/19/24,4/19/24,4/22/24,SOFI,SOFI 11/15/2024 Call $11.00,STO,1,$0.58 ,$57.95 
4/19/24,4/19/24,4/22/24,SOFI,SOFI 11/15/2024 Call $11.00,STO,2,$0.58 ,$115.92 
4/19/24,4/19/24,4/22/24,SOFI,SOFI 11/15/2024 Call $11.00,STO,2,$0.58 ,$115.92 
4/19/24,4/19/24,4/22/24,SOFI,SOFI 11/15/2024 Call $11.00,STO,5,$0.58 ,$289.83 
4/19/24,4/19/24,4/22/24,PLTR,PLTR 5/10/2024 Call $23.00,STO,1,$1.00 ,$99.95 
4/19/24,4/19/24,4/22/24,PLTR,PLTR 5/10/2024 Call $23.00,STO,1,$1.00 ,$99.95 
4/19/24,4/19/24,4/22/24,PLTR,PLTR 5/10/2024 Call $23.00,STO,5,$1.00 ,$499.83 
4/19/24,4/19/24,4/22/24,PLTR,PLTR 5/10/2024 Call $23.00,STO,3,$1.00 ,$299.89 
4/18/24,4/18/24,4/22/24,VOO,"Vanguard S&P 500 ETF
CUSIP: 922908363
Recurring",Buy,0.021775,$459.24 ,($10.00)
4/18/24,4/18/24,4/22/24,PLTR,"Palantir Technologies
CUSIP: 69608A108
Recurring",Buy,0.473933,$21.10 ,($10.00)
4/18/24,4/18/24,4/22/24,GOOGL,"Alphabet Class A
CUSIP: 02079K305
Recurring",Buy,0.063959,$156.35 ,($10.00)
4/18/24,4/18/24,4/22/24,MSFT,"Microsoft
CUSIP: 594918104
Recurring",Buy,0.024535,$407.57 ,($10.00)
4/18/24,4/18/24,4/19/24,,ACH Deposit,ACH,,,$40.00 
4/17/24,4/17/24,4/19/24,VOO,"Vanguard S&P 500 ETF
CUSIP: 922908363
Recurring",Buy,0.021688,$461.08 ,($10.00)
4/17/24,4/17/24,4/19/24,PLTR,"Palantir Technologies
CUSIP: 69608A108
Recurring",Buy,0.465549,$21.48 ,($10.00)
4/17/24,4/17/24,4/19/24,GOOGL,"Alphabet Class A
CUSIP: 02079K305
Recurring",Buy,0.064197,$155.77 ,($10.00)
4/17/24,4/17/24,4/19/24,MSFT,"Microsoft
CUSIP: 594918104
Recurring",Buy,0.024207,$413.10 ,($10.00)
4/17/24,4/17/24,4/18/24,,ACH Deposit,ACH,,,$40.00 
4/16/24,4/16/24,4/18/24,VOO,"Vanguard S&P 500 ETF
CUSIP: 922908363
Recurring",Buy,0.021616,$462.60 ,($10.00)
4/16/24,4/16/24,4/18/24,PLTR,"Palantir Technologies
CUSIP: 69608A108
Recurring",Buy,0.459136,$21.78 ,($10.00)
4/16/24,4/16/24,4/18/24,GOOGL,"Alphabet Class A
CUSIP: 02079K305
Recurring",Buy,0.064876,$154.14 ,($10.00)
4/16/24,4/16/24,4/18/24,MSFT,"Microsoft
CUSIP: 594918104
Recurring",Buy,0.024094,$415.04 ,($10.00)
4/16/24,4/16/24,4/17/24,,ACH Deposit,ACH,,,$40.00 
4/16/24,4/16/24,4/17/24,SAVE,SAVE 5/31/2024 Call $4.00,BTO,5,$1.13 ,($565.15)
4/15/24,4/15/24,4/17/24,VOO,"Vanguard S&P 500 ETF
CUSIP: 922908363",Sell,15,$464.13 ,"$6,961.91 "
4/15/24,4/15/24,4/17/24,VOO,"Vanguard S&P 500 ETF
CUSIP: 922908363",Sell,2,$463.61 ,$927.22 
4/15/24,4/15/24,4/17/24,VOO,"Vanguard S&P 500 ETF
CUSIP: 922908363",Sell,1,$463.65 ,$463.65 
4/15/24,4/15/24,4/17/24,VOO,"Vanguard S&P 500 ETF
CUSIP: 922908363",Sell,2,$463.75 ,$927.49 
4/15/24,4/15/24,4/16/24,AMD,AMD 4/19/2024 Call $170.00,STC,1,$0.83 ,$82.95 
4/15/24,4/15/24,4/17/24,VOO,"Vanguard S&P 500 ETF
CUSIP: 922908363",Sell,0.211171,$463.60 ,$97.90 
4/15/24,4/15/24,4/17/24,VOO,"Vanguard S&P 500 ETF
CUSIP: 922908363",Sell,3,$463.59 ,"$1,390.74 "
4/15/24,4/15/24,4/16/24,PLTR,PLTR 12/20/2024 Call $40.00,BTC,1,$1.01 ,($101.03)
4/15/24,4/15/24,4/16/24,PLTR,PLTR 12/20/2024 Call $40.00,BTC,4,$1.01 ,($404.12)
4/15/24,4/15/24,4/17/24,VOO,"Vanguard S&P 500 ETF
CUSIP: 922908363
Recurring",Buy,0.021481,$465.51 ,($10.00)
4/15/24,4/15/24,4/17/24,MSFT,"Microsoft
CUSIP: 594918104
Recurring",Buy,0.024044,$415.90 ,($10.00)
4/15/24,4/15/24,4/17/24,PLTR,"Palantir Technologies
CUSIP: 69608A108
Recurring",Buy,0.456204,$21.92 ,($10.00)
4/15/24,4/15/24,4/17/24,GOOGL,"Alphabet Class A
CUSIP: 02079K305
Recurring",Buy,0.064036,$156.16 ,($10.00)
4/15/24,4/15/24,4/17/24,PLTR,"Palantir Technologies
CUSIP: 69608A108",Sell,53.265729,$22.32 ,"$1,189.14 "
4/15/24,4/15/24,4/17/24,MSFT,"Microsoft
CUSIP: 594918104",Sell,1,$420.00 ,$420.00 
4/15/24,4/15/24,4/17/24,MSFT,"Microsoft
CUSIP: 594918104",Sell,0.108176,$420.00 ,$45.43 
4/15/24,4/15/24,4/17/24,GOOGL,"Alphabet Class A
CUSIP: 02079K305",Sell,0.244561,$157.66 ,$38.56 
4/15/24,4/15/24,4/17/24,GOOGL,"Alphabet Class A
CUSIP: 02079K305",Sell,3,$157.66 ,$472.99 
4/15/24,4/15/24,4/16/24,,ACH Deposit,ACH,,,$40.00 
4/12/24,4/12/24,4/16/24,VOO,"Vanguard S&P 500 ETF
CUSIP: 922908363
Recurring",Buy,0.021354,$468.28 ,($10.00)
4/12/24,4/12/24,4/16/24,VOO,"Vanguard S&P 500 ETF
CUSIP: 922908363
Recurring",Buy,0.021354,$468.28 ,($10.00)
4/12/24,4/12/24,4/16/24,PLTR,"Palantir Technologies
CUSIP: 69608A108
Recurring",Buy,0.445632,$22.44 ,($10.00)
4/12/24,4/12/24,4/16/24,PLTR,"Palantir Technologies
CUSIP: 69608A108
Recurring",Buy,0.445632,$22.44 ,($10.00)
4/12/24,4/12/24,4/16/24,GOOGL,"Alphabet Class A
CUSIP: 02079K305
Recurring",Buy,0.063584,$157.27 ,($10.00)
4/12/24,4/12/24,4/16/24,GOOGL,"Alphabet Class A
CUSIP: 02079K305
Recurring",Buy,0.063584,$157.27 ,($10.00)
4/12/24,4/12/24,4/16/24,MSFT,"Microsoft
CUSIP: 594918104
Recurring",Buy,0.023816,$419.88 ,($10.00)
4/12/24,4/12/24,4/16/24,MSFT,"Microsoft
CUSIP: 594918104
Recurring",Buy,0.023816,$419.88 ,($10.00)
4/12/24,4/12/24,4/15/24,,ACH Deposit,ACH,,,$40.00 
4/11/24,4/11/24,4/12/24,,ACH Deposit,ACH,,,$40.00 
4/10/24,4/10/24,4/12/24,VOO,"Vanguard S&P 500 ETF
CUSIP: 922908363
Recurring",Buy,0.021214,$471.38 ,($10.00)
4/10/24,4/10/24,4/12/24,PLTR,"Palantir Technologies
CUSIP: 69608A108
Recurring",Buy,0.444839,$22.48 ,($10.00)
4/10/24,4/10/24,4/12/24,GOOGL,"Alphabet Class A
CUSIP: 02079K305
Recurring",Buy,0.064172,$155.83 ,($10.00)
4/10/24,4/10/24,4/12/24,MSFT,"Microsoft
CUSIP: 594918104
Recurring",Buy,0.023721,$421.56 ,($10.00)
4/10/24,4/10/24,4/11/24,,ACH Deposit,ACH,,,$40.00 
4/9/24,4/9/24,4/11/24,VOO,"Vanguard S&P 500 ETF
CUSIP: 922908363
Recurring",Buy,0.021041,$475.24 ,($10.00)
4/9/24,4/9/24,4/11/24,PLTR,"Palantir Technologies
CUSIP: 69608A108
Recurring",Buy,0.438981,$22.78 ,($10.00)
4/9/24,4/9/24,4/11/24,GOOGL,"Alphabet Class A
CUSIP: 02079K305
Recurring",Buy,0.06384,$156.64 ,($10.00)
4/9/24,4/9/24,4/11/24,MSFT,"Microsoft
CUSIP: 594918104
Recurring",Buy,0.023568,$424.29 ,($10.00)
4/9/24,4/9/24,4/10/24,,ACH Deposit,ACH,,,$40.00 
4/9/24,4/9/24,4/10/24,PLTR,PLTR 8/16/2024 Call $30.00,BTC,2,$1.44 ,($288.06)
4/9/24,4/9/24,4/10/24,AMD,AMD 4/19/2024 Call $170.00,BTO,1,$5.40 ,($540.03)
4/8/24,4/8/24,4/10/24,VOO,"Vanguard S&P 500 ETF
CUSIP: 922908363
Recurring",Buy,0.02096,$477.09 ,($10.00)
4/8/24,4/8/24,4/10/24,PLTR,"Palantir Technologies
CUSIP: 69608A108
Recurring",Buy,0.4363,$22.92 ,($10.00)
4/8/24,4/8/24,4/10/24,GOOGL,"Alphabet Class A
CUSIP: 02079K305
Recurring",Buy,0.064703,$154.55 ,($10.00)
4/8/24,4/8/24,4/10/24,MSFT,"Microsoft
CUSIP: 594918104
Recurring",Buy,0.023564,$424.37 ,($10.00)
4/8/24,4/8/24,4/9/24,,ACH Deposit,ACH,,,$40.00 
4/5/24,4/5/24,4/8/24,SNOW,Option Expiration for SNOW 4/5/2024 Call $185.00,OEXP,17S,,
4/5/24,4/5/24,4/9/24,VOO,"Vanguard S&P 500 ETF
CUSIP: 922908363
Recurring",Buy,0.020942,$477.50 ,($10.00)
4/5/24,4/5/24,4/9/24,PLTR,"Palantir Technologies
CUSIP: 69608A108
Recurring",Buy,0.433839,$23.05 ,($10.00)
4/5/24,4/5/24,4/9/24,MSFT,"Microsoft
CUSIP: 594918104
Recurring",Buy,0.023482,$425.84 ,($10.00)
4/5/24,4/5/24,4/9/24,GOOGL,"Alphabet Class A
CUSIP: 02079K305
Recurring",Buy,0.065252,$153.25 ,($10.00)
4/5/24,4/5/24,4/8/24,,ACH Deposit,ACH,,,$40.00 
4/4/24,4/4/24,4/8/24,VOO,"Vanguard S&P 500 ETF
CUSIP: 922908363
Recurring",Buy,0.020803,$480.69 ,($10.00)
4/4/24,4/4/24,4/8/24,PLTR,"Palantir Technologies
CUSIP: 69608A108
Recurring",Buy,0.432338,$23.13 ,($10.00)
4/4/24,4/4/24,4/8/24,GOOGL,"Alphabet Class A
CUSIP: 02079K305
Recurring",Buy,0.06475,$154.44 ,($10.00)
4/4/24,4/4/24,4/8/24,MSFT,"Microsoft
CUSIP: 594918104
Recurring",Buy,0.023378,$427.74 ,($10.00)
4/4/24,4/4/24,4/5/24,,ACH Deposit,ACH,,,$40.00 
4/3/24,4/3/24,4/5/24,PLTR,"Palantir Technologies
CUSIP: 69608A108
Recurring",Buy,0.438404,$22.81 ,($10.00)
4/3/24,4/3/24,4/5/24,GOOGL,"Alphabet Class A
CUSIP: 02079K305
Recurring",Buy,0.064741,$154.46 ,($10.00)
4/3/24,4/3/24,4/5/24,MSFT,"Microsoft
CUSIP: 594918104
Recurring",Buy,0.023673,$422.41 ,($10.00)
4/3/24,4/3/24,4/5/24,VOO,"Vanguard S&P 500 ETF
CUSIP: 922908363
Recurring",Buy,0.020901,$478.44 ,($10.00)
4/3/24,4/3/24,4/4/24,,ACH Deposit,ACH,,,$40.00 
4/2/24,4/2/24,4/4/24,PLTR,"Palantir Technologies
CUSIP: 69608A108
Recurring",Buy,0.447828,$22.33 ,($10.00)
4/2/24,4/2/24,4/4/24,GOOGL,"Alphabet Class A
CUSIP: 02079K305
Recurring",Buy,0.065066,$153.69 ,($10.00)
4/2/24,4/2/24,4/4/24,MSFT,"Microsoft
CUSIP: 594918104
Recurring",Buy,0.023685,$422.20 ,($10.00)
4/2/24,4/2/24,4/4/24,VOO,"Vanguard S&P 500 ETF
CUSIP: 922908363
Recurring",Buy,0.021018,$475.77 ,($10.00)
4/2/24,4/2/24,4/3/24,,ACH Deposit,ACH,,,$40.00 
4/2/24,4/2/24,4/3/24,,ACH Deposit,ACH,,,$900.00 
4/1/24,4/1/24,4/3/24,PLTR,"Palantir Technologies
CUSIP: 69608A108
Recurring",Buy,0.437254,$22.87 ,($10.00)
4/1/24,4/1/24,4/3/24,GOOGL,"Alphabet Class A
CUSIP: 02079K305
Recurring",Buy,0.064524,$154.98 ,($10.00)
4/1/24,4/1/24,4/3/24,MSFT,"Microsoft
CUSIP: 594918104
Recurring",Buy,0.023655,$422.73 ,($10.00)
4/1/24,4/1/24,4/3/24,VOO,"Vanguard S&P 500 ETF
CUSIP: 922908363
Recurring",Buy,0.020863,$479.31 ,($10.00)
4/1/24,4/1/24,4/2/24,,ACH Deposit,ACH,,,$40.00 
3/28/24,3/28/24,4/4/24,,ACH Deposit,ACH,,,"$1,750.00 "
3/28/24,3/28/24,4/2/24,PLTR,"Palantir Technologies
CUSIP: 69608A108
Recurring",Buy,0.434216,$23.03 ,($10.00)
3/28/24,3/28/24,4/2/24,PLTR,"Palantir Technologies
CUSIP: 69608A108
Recurring",Buy,0.434216,$23.03 ,($10.00)
3/28/24,3/28/24,4/2/24,GOOGL,"Alphabet Class A
CUSIP: 02079K305
Recurring",Buy,0.06637,$150.67 ,($10.00)
3/28/24,3/28/24,4/2/24,GOOGL,"Alphabet Class A
CUSIP: 02079K305
Recurring",Buy,0.06637,$150.67 ,($10.00)
3/28/24,3/28/24,4/2/24,MSFT,"Microsoft
CUSIP: 594918104
Recurring",Buy,0.023805,$420.07 ,($10.00)
3/28/24,3/28/24,4/2/24,MSFT,"Microsoft
CUSIP: 594918104
Recurring",Buy,0.023805,$420.07 ,($10.00)
3/28/24,3/28/24,4/2/24,VOO,"Vanguard S&P 500 ETF
CUSIP: 922908363
Recurring",Buy,0.020799,$480.78 ,($10.00)
3/28/24,3/28/24,4/2/24,VOO,"Vanguard S&P 500 ETF
CUSIP: 922908363
Recurring",Buy,0.020799,$480.78 ,($10.00)
3/28/24,3/28/24,4/4/24,,ACH Deposit,ACH,,,$40.00 
3/28/24,3/28/24,4/4/24,,ACH Deposit,ACH,,,$550.00 
3/27/24,3/27/24,3/27/24,VOO,Manufactured Div: R/D 2024-03-25 P/D 2024-03-27 - 1 shares at 1.5429,MDIV,,,$1.54 
3/27/24,3/27/24,3/27/24,VOO,Cash Div: R/D 2024-03-25 P/D 2024-03-27 - 21.87502 shares at 1.5429,CDIV,,,$33.75 
3/27/24,3/27/24,3/28/24,,ACH Deposit,ACH,,,$40.00 
3/27/24,3/27/24,3/27/24,,Gold Subscription Fee,GOLD,,,($5.00)
3/27/24,3/27/24,3/27/24,,Aggregated Margin Rate,MINT,,,($245.69)
3/26/24,3/26/24,3/27/24,SNOW,SNOW 5/17/2024 Call $180.00,BTO,3,$3.38 ,"($1,014.09)"
3/26/24,3/26/24,3/27/24,SNOW,SNOW 5/17/2024 Call $180.00,BTO,2,$3.38 ,($676.06)
3/26/24,3/26/24,3/27/24,CRWD,CRWD 4/5/2024 Call $325.00,STC,1,$10.70 ,"$1,069.95 "
3/26/24,3/26/24,3/28/24,VOO,"Vanguard S&P 500 ETF
CUSIP: 922908363
Recurring",Buy,0.020884,$478.82 ,($10.00)
3/26/24,3/26/24,3/28/24,PLTR,"Palantir Technologies
CUSIP: 69608A108
Recurring",Buy,0.397772,$25.14 ,($10.00)
3/26/24,3/26/24,3/28/24,GOOGL,"Alphabet Class A
CUSIP: 02079K305
Recurring",Buy,0.065919,$151.70 ,($10.00)
3/26/24,3/26/24,3/28/24,MSFT,"Microsoft
CUSIP: 594918104
Recurring",Buy,0.023652,$422.78 ,($10.00)
3/26/24,3/26/24,3/27/24,,ACH Deposit,ACH,,,$40.00 
3/26/24,3/26/24,3/27/24,SNOW,SNOW 5/17/2024 Call $180.00,BTO,2,$3.45 ,($690.06)
3/25/24,3/25/24,3/27/24,PLTR,"Palantir Technologies
CUSIP: 69608A108
Recurring",Buy,0.407,$24.57 ,($10.00)
3/25/24,3/25/24,3/27/24,GOOGL,"Alphabet Class A
CUSIP: 02079K305
Recurring",Buy,0.066938,$149.39 ,($10.00)
3/25/24,3/25/24,3/27/24,MSFT,"Microsoft
CUSIP: 594918104
Recurring",Buy,0.023601,$423.71 ,($10.00)
3/25/24,3/25/24,3/27/24,VOO,"Vanguard S&P 500 ETF
CUSIP: 922908363
Recurring",Buy,0.0209,$478.45 ,($10.00)
3/25/24,3/25/24,3/26/24,,ACH Deposit,ACH,,,$40.00 
3/22/24,3/22/24,3/26/24,VOO,"Vanguard S&P 500 ETF
CUSIP: 922908363
Recurring",Buy,0.020838,$479.89 ,($10.00)
3/22/24,3/22/24,3/26/24,PLTR,"Palantir Technologies
CUSIP: 69608A108
Recurring",Buy,0.412541,$24.24 ,($10.00)
3/22/24,3/22/24,3/26/24,GOOGL,"Alphabet Class A
CUSIP: 02079K305
Recurring",Buy,0.066334,$150.75 ,($10.00)
3/22/24,3/22/24,3/26/24,MSFT,"Microsoft
CUSIP: 594918104
Recurring",Buy,0.023327,$428.68 ,($10.00)
3/22/24,3/22/24,3/25/24,,ACH Deposit,ACH,,,$40.00 
3/21/24,3/21/24,3/25/24,VOO,"Vanguard S&P 500 ETF
CUSIP: 922908363
Recurring",Buy,0.020727,$482.44 ,($10.00)
3/21/24,3/21/24,3/25/24,PLTR,"Palantir Technologies
CUSIP: 69608A108
Recurring",Buy,0.402738,$24.83 ,($10.00)
3/21/24,3/21/24,3/25/24,MSFT,"Microsoft
CUSIP: 594918104
Recurring",Buy,0.023307,$429.05 ,($10.00)
3/21/24,3/21/24,3/25/24,GOOGL,"Alphabet Class A
CUSIP: 02079K305
Recurring",Buy,0.067911,$147.25 ,($10.00)
3/21/24,3/21/24,3/22/24,,ACH Deposit,ACH,,,$40.00 
3/20/24,3/20/24,3/22/24,VOO,"Vanguard S&P 500 ETF
CUSIP: 922908363
Recurring",Buy,0.021037,$475.34 ,($10.00)
3/20/24,3/20/24,3/22/24,PLTR,"Palantir Technologies
CUSIP: 69608A108
Recurring",Buy,0.417014,$23.98 ,($10.00)
3/20/24,3/20/24,3/22/24,GOOGL,"Alphabet Class A
CUSIP: 02079K305
Recurring",Buy,0.068078,$146.89 ,($10.00)
3/20/24,3/20/24,3/22/24,MSFT,"Microsoft
CUSIP: 594918104
Recurring",Buy,0.023683,$422.23 ,($10.00)
3/20/24,3/20/24,3/21/24,,ACH Deposit,ACH,,,$40.00 
3/20/24,3/20/24,3/21/24,SNOW,SNOW 5/17/2024 Call $180.00,BTO,1,$4.83 ,($483.03)
3/20/24,3/20/24,3/21/24,SNOW,SNOW 5/17/2024 Call $180.00,BTO,1,$4.83 ,($483.03)
3/20/24,3/20/24,3/21/24,,ACH Deposit,ACH,,,$24.22 
3/20/24,3/20/24,3/21/24,,ACH Deposit,ACH,,,$69.86 
3/19/24,3/19/24,3/21/24,VOO,"Vanguard S&P 500 ETF
CUSIP: 922908363
Recurring",Buy,0.021057,$474.88 ,($10.00)
3/19/24,3/19/24,3/21/24,PLTR,"Palantir Technologies
CUSIP: 69608A108
Recurring",Buy,0.421407,$23.73 ,($10.00)
3/19/24,3/19/24,3/21/24,GOOGL,"Alphabet Class A
CUSIP: 02079K305
Recurring",Buy,0.06811,$146.82 ,($10.00)
3/19/24,3/19/24,3/21/24,MSFT,"Microsoft
CUSIP: 594918104
Recurring",Buy,0.023756,$420.93 ,($10.00)
3/19/24,3/19/24,3/20/24,,ACH Deposit,ACH,,,$40.00 
3/18/24,3/18/24,3/20/24,GOOGL,"Alphabet Class A
CUSIP: 02079K305
Recurring",Buy,0.067399,$148.37 ,($10.00)
3/18/24,3/18/24,3/20/24,MSFT,"Microsoft
CUSIP: 594918104
Recurring",Buy,0.023898,$418.44 ,($10.00)
3/18/24,3/18/24,3/20/24,PLTR,"Palantir Technologies
CUSIP: 69608A108
Recurring",Buy,0.419463,$23.84 ,($10.00)
3/18/24,3/18/24,3/20/24,VOO,"Vanguard S&P 500 ETF
CUSIP: 922908363
Recurring",Buy,0.02109,$474.14 ,($10.00)
3/18/24,3/18/24,3/19/24,,ACH Deposit,ACH,,,$40.00 
3/15/24,3/15/24,3/18/24,,ACH Deposit,ACH,,,"$1,150.00 "
3/15/24,3/15/24,3/19/24,VOO,"Vanguard S&P 500 ETF
CUSIP: 922908363
Recurring",Buy,0.021291,$469.66 ,($10.00)
3/15/24,3/15/24,3/19/24,PLTR,"Palantir Technologies
CUSIP: 69608A108
Recurring",Buy,0.423549,$23.61 ,($10.00)
3/15/24,3/15/24,3/19/24,GOOGL,"Alphabet Class A
CUSIP: 02079K305
Recurring",Buy,0.071123,$140.60 ,($10.00)
3/15/24,3/15/24,3/19/24,MSFT,"Microsoft
CUSIP: 594918104
Recurring",Buy,0.024135,$414.32 ,($10.00)
3/15/24,3/15/24,3/18/24,,ACH Deposit,ACH,,,$40.00 
3/15/24,3/15/24,3/18/24,,ACH Deposit,ACH,,,$300.00 
3/14/24,3/14/24,3/14/24,MSFT,Cash Div: R/D 2024-02-15 P/D 2024-03-14 - 0.120688 shares at 0.75,CDIV,,,$0.09 
3/14/24,3/14/24,3/18/24,VOO,"Vanguard S&P 500 ETF
CUSIP: 922908363
Recurring",Buy,0.021196,$471.77 ,($10.00)
3/14/24,3/14/24,3/18/24,PLTR,"Palantir Technologies
CUSIP: 69608A108
Recurring",Buy,0.4095,$24.42 ,($10.00)
3/14/24,3/14/24,3/18/24,GOOGL,"Alphabet Class A
CUSIP: 02079K305
Recurring",Buy,0.070234,$142.38 ,($10.00)
3/14/24,3/14/24,3/18/24,MSFT,"Microsoft
CUSIP: 594918104
Recurring",Buy,0.023611,$423.53 ,($10.00)
3/14/24,3/14/24,3/15/24,,ACH Deposit,ACH,,,$40.00 
3/13/24,3/13/24,3/15/24,VOO,"Vanguard S&P 500 ETF
CUSIP: 922908363
Recurring",Buy,0.021046,$475.13 ,($10.00)
3/13/24,3/13/24,3/15/24,PLTR,"Palantir Technologies
CUSIP: 69608A108
Recurring",Buy,0.397614,$25.15 ,($10.00)
3/13/24,3/13/24,3/15/24,GOOGL,"Alphabet Class A
CUSIP: 02079K305
Recurring",Buy,0.071078,$140.69 ,($10.00)
3/13/24,3/13/24,3/15/24,MSFT,"Microsoft
CUSIP: 594918104
Recurring",Buy,0.024071,$415.43 ,($10.00)
3/13/24,3/13/24,3/14/24,SNOW,SNOW 5/17/2024 Call $180.00,BTO,1,$6.79 ,($679.03)
3/13/24,3/13/24,3/14/24,SNOW,SNOW 5/17/2024 Call $180.00,BTO,2,$6.79 ,"($1,358.06)"
3/13/24,3/13/24,3/14/24,MSFT,MSFT 3/28/2024 Call $410.00,STC,2,$10.80 ,"$2,159.91 "
3/13/24,3/13/24,3/14/24,SNOW,SNOW 5/17/2024 Call $180.00,BTO,1,$6.78 ,($678.03)
3/13/24,3/13/24,3/14/24,,ACH Deposit,ACH,,,$40.00 
3/12/24,3/12/24,3/13/24,SNOW,SNOW 5/17/2024 Call $180.00,BTO,1,$5.70 ,($570.03)
3/12/24,3/12/24,3/14/24,VOO,"Vanguard S&P 500 ETF
CUSIP: 922908363
Recurring",Buy,0.021119,$473.49 ,($10.00)
3/12/24,3/12/24,3/14/24,PLTR,"Palantir Technologies
CUSIP: 69608A108
Recurring",Buy,0.409836,$24.40 ,($10.00)
3/12/24,3/12/24,3/14/24,GOOGL,"Alphabet Class A
CUSIP: 02079K305
Recurring",Buy,0.071957,$138.97 ,($10.00)
3/12/24,3/12/24,3/14/24,MSFT,"Microsoft
CUSIP: 594918104
Recurring",Buy,0.024155,$413.98 ,($10.00)
3/12/24,3/12/24,3/13/24,,ACH Deposit,ACH,,,$40.00 
3/11/24,3/11/24,3/13/24,PLTR,"Palantir Technologies
CUSIP: 69608A108
Recurring",Buy,0.390167,$25.63 ,($10.00)
3/11/24,3/11/24,3/13/24,GOOGL,"Alphabet Class A
CUSIP: 02079K305
Recurring",Buy,0.072072,$138.75 ,($10.00)
3/11/24,3/11/24,3/13/24,MSFT,"Microsoft
CUSIP: 594918104
Recurring",Buy,0.024701,$404.84 ,($10.00)
3/11/24,3/11/24,3/13/24,VOO,"Vanguard S&P 500 ETF
CUSIP: 922908363
Recurring",Buy,0.021271,$470.11 ,($10.00)
3/11/24,3/11/24,3/12/24,,ACH Deposit,ACH,,,$40.00 
3/8/24,3/8/24,3/12/24,VOO,"Vanguard S&P 500 ETF
CUSIP: 922908363
Recurring",Buy,0.021248,$470.63 ,($10.00)
3/8/24,3/8/24,3/12/24,PLTR,"Palantir Technologies
CUSIP: 69608A108
Recurring",Buy,0.384024,$26.04 ,($10.00)
3/8/24,3/8/24,3/12/24,GOOGL,"Alphabet Class A
CUSIP: 02079K305
Recurring",Buy,0.074074,$135.00 ,($10.00)
3/8/24,3/8/24,3/12/24,MSFT,"Microsoft
CUSIP: 594918104
Recurring",Buy,0.024693,$404.97 ,($10.00)
3/8/24,3/8/24,3/11/24,,ACH Deposit,ACH,,,$40.00 
3/7/24,3/7/24,3/8/24,CRWD,CRWD 4/5/2024 Call $325.00,BTO,1,$17.62 ,"($1,762.03)"
3/7/24,3/7/24,3/11/24,PLTR,"Palantir Technologies
CUSIP: 69608A108
Recurring",Buy,0.372717,$26.83 ,($10.00)
3/7/24,3/7/24,3/11/24,GOOGL,"Alphabet Class A
CUSIP: 02079K305
Recurring",Buy,0.074382,$134.44 ,($10.00)
3/7/24,3/7/24,3/11/24,MSFT,"Microsoft
CUSIP: 594918104
Recurring",Buy,0.024482,$408.46 ,($10.00)
3/7/24,3/7/24,3/11/24,VOO,"Vanguard S&P 500 ETF
CUSIP: 922908363
Recurring",Buy,0.021128,$473.29 ,($10.00)
3/7/24,3/7/24,3/8/24,,ACH Deposit,ACH,,,$40.00 
3/7/24,3/7/24,3/8/24,PLTR,PLTR 8/16/2024 Call $30.00,STO,2,$3.80 ,$759.92 
3/7/24,3/7/24,3/8/24,PLTR,PLTR 12/20/2024 Call $40.00,STO,4,$2.90 ,"$1,159.86 "
3/7/24,3/7/24,3/8/24,PLTR,PLTR 12/20/2024 Call $40.00,STO,1,$2.90 ,$289.95 
3/6/24,3/6/24,3/8/24,PLTR,"Palantir Technologies
CUSIP: 69608A108
Recurring",Buy,0.376647,$26.55 ,($10.00)
3/6/24,3/6/24,3/8/24,GOOGL,"Alphabet Class A
CUSIP: 02079K305
Recurring",Buy,0.075849,$131.84 ,($10.00)
3/6/24,3/6/24,3/8/24,MSFT,"Microsoft
CUSIP: 594918104
Recurring",Buy,0.024733,$404.31 ,($10.00)
3/6/24,3/6/24,3/8/24,VOO,"Vanguard S&P 500 ETF
CUSIP: 922908363
Recurring",Buy,0.021258,$470.41 ,($10.00)
3/6/24,3/6/24,3/7/24,SNOW,SNOW 4/5/2024 Call $185.00,BTO,1,$3.00 ,($300.03)
3/6/24,3/6/24,3/7/24,SNOW,SNOW 4/5/2024 Call $185.00,BTO,1,$2.94 ,($294.03)
3/6/24,3/6/24,3/7/24,,ACH Deposit,ACH,,,$40.00 
3/6/24,3/6/24,3/7/24,SNOW,SNOW 4/5/2024 Call $185.00,BTO,1,$3.50 ,($350.03)
3/6/24,3/6/24,3/8/24,SOFI,"SoFi Technologies
CUSIP: 83406F102",Buy,100,$7.37 ,($737.00)
3/5/24,3/5/24,3/7/24,PLTR,"Palantir Technologies
CUSIP: 69608A108
Recurring",Buy,0.421407,$23.73 ,($10.00)
3/5/24,3/5/24,3/7/24,GOOGL,"Alphabet Class A
CUSIP: 02079K305
Recurring",Buy,0.075352,$132.71 ,($10.00)
3/5/24,3/5/24,3/7/24,MSFT,"Microsoft
CUSIP: 594918104
Recurring",Buy,0.02484,$402.57 ,($10.00)
3/5/24,3/5/24,3/7/24,VOO,"Vanguard S&P 500 ETF
CUSIP: 922908363
Recurring",Buy,0.021429,$466.65 ,($10.00)
3/5/24,3/5/24,3/6/24,,ACH Deposit,ACH,,,$40.00 
3/5/24,3/5/24,3/6/24,SNOW,SNOW 4/5/2024 Call $185.00,BTO,1,$5.55 ,($555.03)
3/5/24,3/5/24,3/6/24,SNOW,SNOW 4/5/2024 Call $185.00,BTO,1,$5.55 ,($555.03)
3/4/24,3/4/24,3/6/24,VOO,"Vanguard S&P 500 ETF
CUSIP: 922908363
Recurring",Buy,0.02122,$471.25 ,($10.00)
3/4/24,3/4/24,3/6/24,PLTR,"Palantir Technologies
CUSIP: 69608A108
Recurring",Buy,0.413052,$24.21 ,($10.00)
3/4/24,3/4/24,3/6/24,GOOGL,"Alphabet Class A
CUSIP: 02079K305
Recurring",Buy,0.075392,$132.64 ,($10.00)
3/4/24,3/4/24,3/6/24,MSFT,"Microsoft
CUSIP: 594918104
Recurring",Buy,0.024062,$415.58 ,($10.00)
3/4/24,3/4/24,3/5/24,,ACH Deposit,ACH,,,$40.00 
3/1/24,3/1/24,3/4/24,MSFT,MSFT 3/28/2024 Call $410.00,STC,3,$12.20 ,"$3,659.87 "
3/1/24,3/1/24,3/5/24,VOO,"Vanguard S&P 500 ETF
CUSIP: 922908363
Recurring",Buy,0.021244,$470.72 ,($10.00)
3/1/24,3/1/24,3/5/24,GOOGL,"Alphabet Class A
CUSIP: 02079K305
Recurring",Buy,0.072374,$138.17 ,($10.00)
3/1/24,3/1/24,3/5/24,MSFT,"Microsoft
CUSIP: 594918104
Recurring",Buy,0.024112,$414.73 ,($10.00)
3/1/24,3/1/24,3/5/24,PLTR,"Palantir Technologies
CUSIP: 69608A108
Recurring",Buy,0.4,$25.00 ,($10.00)
3/1/24,3/1/24,3/4/24,,ACH Deposit,ACH,,,$40.00 
3/1/24,3/1/24,3/4/24,GOOGL,GOOGL 3/15/2024 Put $136.00,STC,1,$1.73 ,$172.95 
3/1/24,3/1/24,3/4/24,SNOW,SNOW 4/5/2024 Call $185.00,BTO,5,$12.25 ,"($6,125.15)"
3/1/24,3/1/24,3/4/24,SMCI,SMCI 3/15/2024 Put $830.00,STC,1,$26.00 ,"$2,599.93 "
2/29/24,2/29/24,3/1/24,SNOW,SNOW 4/5/2024 Call $185.00,BTO,2,$12.85 ,"($2,570.06)"
2/29/24,2/29/24,3/1/24,TSCO,TSCO 6/21/2024 Call $300.00,STC,10,$1.95 ,"$1,949.65 "
2/29/24,2/29/24,3/1/24,SNOW,SNOW 4/5/2024 Call $185.00,BTO,5,$11.65 ,"($5,825.15)"
2/29/24,2/29/24,3/1/24,AMD,AMD 6/21/2024 Put $190.00,STC,5,$18.75 ,"$9,374.76 "
2/29/24,2/29/24,3/4/24,VOO,"Vanguard S&P 500 ETF
CUSIP: 922908363
Recurring",Buy,0.021427,$466.70 ,($10.00)
2/29/24,2/29/24,3/4/24,PLTR,"Palantir Technologies
CUSIP: 69608A108
Recurring",Buy,0.404203,$24.74 ,($10.00)
2/29/24,2/29/24,3/4/24,GOOGL,"Alphabet Class A
CUSIP: 02079K305
Recurring",Buy,0.072796,$137.37 ,($10.00)
2/29/24,2/29/24,3/4/24,MSFT,"Microsoft
CUSIP: 594918104
Recurring",Buy,0.024421,$409.47 ,($10.00)
2/29/24,2/29/24,3/1/24,MSFT,MSFT 3/28/2024 Call $410.00,BTO,5,$9.05 ,"($4,525.15)"
2/29/24,2/29/24,3/1/24,,ACH Deposit,ACH,,,$40.00 
2/29/24,2/29/24,3/1/24,AMD,AMD 6/21/2024 Put $190.00,BTO,1,$20.25 ,"($2,025.03)"
2/29/24,2/29/24,3/1/24,AMD,AMD 6/21/2024 Put $190.00,BTO,4,$20.20 ,"($8,080.12)"
2/29/24,2/29/24,3/1/24,PLTR,PLTR 3/15/2024 Put $25.00,STC,5,$1.15 ,$574.83 
2/28/24,2/28/24,3/1/24,VOO,"Vanguard S&P 500 ETF
CUSIP: 922908363
Recurring",Buy,0.021476,$465.63 ,($10.00)
2/28/24,2/28/24,3/1/24,VOO,"Vanguard S&P 500 ETF
CUSIP: 922908363
Recurring",Buy,0.021476,$465.62 ,($10.00)
2/28/24,2/28/24,3/1/24,PLTR,"Palantir Technologies
CUSIP: 69608A108
Recurring",Buy,0.409332,$24.43 ,($10.00)
2/28/24,2/28/24,3/1/24,PLTR,"Palantir Technologies
CUSIP: 69608A108
Recurring",Buy,0.409332,$24.43 ,($10.00)
2/28/24,2/28/24,3/1/24,GOOGL,"Alphabet Class A
CUSIP: 02079K305
Recurring",Buy,0.073448,$136.15 ,($10.00)
2/28/24,2/28/24,3/1/24,GOOGL,"Alphabet Class A
CUSIP: 02079K305
Recurring",Buy,0.073448,$136.15 ,($10.00)
2/28/24,2/28/24,3/1/24,MSFT,"Microsoft
CUSIP: 594918104
Recurring",Buy,0.024557,$407.20 ,($10.00)
2/28/24,2/28/24,3/1/24,MSFT,"Microsoft
CUSIP: 594918104
Recurring",Buy,0.024557,$407.20 ,($10.00)
2/28/24,2/28/24,2/29/24,SMCI,SMCI 3/15/2024 Put $830.00,BTO,1,$59.50 ,"($5,950.03)"
2/28/24,2/28/24,2/29/24,PLTR,PLTR 3/15/2024 Put $25.00,BTO,5,$1.38 ,($690.15)
2/28/24,2/28/24,2/29/24,CRWD,CRWD 4/19/2024 Call $330.00,STC,2,$23.45 ,"$4,689.89 "
2/28/24,2/28/24,2/29/24,AMD,AMD 3/15/2024 Put $180.00,STC,1,$8.75 ,$874.95 
2/28/24,2/28/24,2/29/24,,ACH Deposit,ACH,,,$40.00 
2/28/24,2/28/24,2/29/24,GOOGL,GOOGL 3/15/2024 Put $136.00,BTO,1,$2.63 ,($263.03)
2/28/24,2/28/24,2/29/24,AMD,AMD 3/15/2024 Put $180.00,STC,1,$9.00 ,$899.95 
2/27/24,2/27/24,2/28/24,MSFT,MSFT 3/15/2024 Put $407.50,STC,1,$6.20 ,$619.95 
2/27/24,2/27/24,2/28/24,MSFT,MSFT 3/15/2024 Put $407.50,BTO,1,$6.15 ,($615.03)
2/27/24,2/27/24,2/28/24,AMD,AMD 3/15/2024 Put $180.00,BTO,1,$7.70 ,($770.03)
2/27/24,2/27/24,2/28/24,CRWD,CRWD 4/19/2024 Call $330.00,STC,4,$24.30 ,"$9,719.79 "
2/27/24,2/27/24,2/28/24,CRWD,CRWD 4/19/2024 Call $330.00,STC,1,$24.30 ,"$2,429.94 "
2/27/24,2/27/24,2/28/24,AMD,AMD 3/15/2024 Put $180.00,BTO,1,$7.65 ,($765.03)
2/27/24,2/27/24,2/28/24,PLTR,PLTR 4/19/2024 Call $26.00,STC,1,$1.37 ,$136.95 
2/27/24,2/27/24,2/28/24,PLTR,PLTR 4/19/2024 Call $26.00,STC,1,$1.37 ,$136.95 
2/27/24,2/27/24,2/28/24,PLTR,PLTR 4/19/2024 Call $26.00,STC,7,$1.37 ,$958.76 
2/27/24,2/27/24,2/28/24,PLTR,PLTR 4/19/2024 Call $26.00,STC,10,$1.37 ,"$1,369.65 "
2/27/24,2/27/24,2/28/24,PLTR,PLTR 4/19/2024 Call $26.00,STC,1,$1.37 ,$136.95 
2/27/24,2/27/24,2/28/24,PLTR,PLTR 4/19/2024 Call $26.00,STC,5,$1.37 ,$684.83 
2/27/24,2/27/24,2/28/24,,ACH Deposit,ACH,,,$40.00 
2/26/24,2/26/24,2/28/24,VOO,"Vanguard S&P 500 ETF
CUSIP: 922908363
Recurring",Buy,0.021489,$465.34 ,($10.00)
2/26/24,2/26/24,2/28/24,GOOGL,"Alphabet Class A
CUSIP: 02079K305
Recurring",Buy,0.072484,$137.96 ,($10.00)
2/26/24,2/26/24,2/28/24,MSFT,"Microsoft
CUSIP: 594918104
Recurring",Buy,0.024448,$409.03 ,($10.00)
2/26/24,2/26/24,2/28/24,PLTR,"Palantir Technologies
CUSIP: 69608A108
Recurring",Buy,0.422654,$23.66 ,($10.00)
2/26/24,2/26/24,2/27/24,,ACH Deposit,ACH,,,$40.00 
2/26/24,2/26/24,2/26/24,,Aggregated Margin Rate,MINT,,,($214.01)
2/26/24,2/26/24,2/26/24,,Gold Subscription Fee,GOLD,,,($5.00)
2/23/24,2/23/24,2/26/24,PLTR,PLTR 4/19/2024 Call $26.00,BTO,5,$0.94 ,($470.15)
2/23/24,2/23/24,2/26/24,VOO,VOO 3/15/2024 Call $470.00,STC,1,$4.50 ,$449.95 
2/23/24,2/23/24,2/27/24,VOO,"Vanguard S&P 500 ETF
CUSIP: 922908363
Recurring",Buy,0.021374,$467.85 ,($10.00)
2/23/24,2/23/24,2/27/24,PLTR,"Palantir Technologies
CUSIP: 69608A108
Recurring",Buy,0.432338,$23.13 ,($10.00)
2/23/24,2/23/24,2/27/24,GOOGL,"Alphabet Class A
CUSIP: 02079K305
Recurring",Buy,0.069429,$144.03 ,($10.00)
2/23/24,2/23/24,2/27/24,MSFT,"Microsoft
CUSIP: 594918104
Recurring",Buy,0.024392,$409.97 ,($10.00)
2/23/24,2/23/24,2/26/24,,ACH Deposit,ACH,,,$40.00 
2/23/24,2/23/24,2/26/24,VOO,VOO 3/15/2024 Call $470.00,BTO,1,$4.30 ,($430.03)
2/23/24,2/23/24,2/26/24,CRWD,CRWD 4/19/2024 Call $330.00,BTO,2,$18.30 ,"($3,660.06)"
2/22/24,2/22/24,2/26/24,PLTR,"Palantir Technologies
CUSIP: 69608A108
Recurring",Buy,0.422654,$23.66 ,($10.00)
2/22/24,2/22/24,2/26/24,GOOGL,"Alphabet Class A
CUSIP: 02079K305
Recurring",Buy,0.069599,$143.68 ,($10.00)
2/22/24,2/22/24,2/26/24,VOO,"Vanguard S&P 500 ETF
CUSIP: 922908363
Recurring",Buy,0.021466,$465.84 ,($10.00)
2/22/24,2/22/24,2/26/24,MSFT,"Microsoft
CUSIP: 594918104
Recurring",Buy,0.024381,$410.14 ,($10.00)
2/22/24,2/22/24,2/23/24,NVDA,NVDA 2/23/2024 Call $735.00,STC,1,$40.50 ,"$4,049.92 "
2/22/24,2/22/24,2/23/24,PLTR,PLTR 4/19/2024 Call $26.00,BTO,20,$1.11 ,"($2,220.60)"
2/22/24,2/22/24,2/23/24,CRWD,CRWD 4/19/2024 Call $330.00,BTO,3,$18.85 ,"($5,655.09)"
2/22/24,2/22/24,2/23/24,NVDA,NVDA 2/23/2024 Call $735.00,STC,1,$41.15 ,"$4,114.92 "
2/22/24,2/22/24,2/23/24,NVDA,NVDA 2/23/2024 Call $735.00,STC,1,$41.15 ,"$4,114.92 "
2/22/24,2/22/24,2/23/24,,ACH Deposit,ACH,,,$40.00 
2/21/24,2/21/24,2/22/24,,ACH Deposit,ACH,,,"$1,000.00 "
2/21/24,2/21/24,2/23/24,PLTR,"Palantir Technologies
CUSIP: 69608A108
Recurring",Buy,0.441891,$22.63 ,($10.00)
2/21/24,2/21/24,2/23/24,GOOGL,"Alphabet Class A
CUSIP: 02079K305
Recurring",Buy,0.07015,$142.55 ,($10.00)
2/21/24,2/21/24,2/23/24,MSFT,"Microsoft
CUSIP: 594918104
Recurring",Buy,0.02505,$399.19 ,($10.00)
2/21/24,2/21/24,2/23/24,VOO,"Vanguard S&P 500 ETF
CUSIP: 922908363
Recurring",Buy,0.021967,$455.21 ,($10.00)
2/21/24,2/21/24,2/22/24,,ACH Deposit,ACH,,,$40.00 
2/20/24,2/20/24,2/20/24,,Instant bank transfer - account ending in 2908,RTP,,,$600.00 
2/20/24,2/20/24,2/22/24,AIR,"AAR
CUSIP: 000361105",Sell,25,$67.22 ,"$1,680.61 "
2/20/24,2/20/24,2/22/24,VOO,"Vanguard S&P 500 ETF
CUSIP: 922908363
Recurring",Buy,0.021981,$454.93 ,($10.00)
2/20/24,2/20/24,2/22/24,PLTR,"Palantir Technologies
CUSIP: 69608A108
Recurring",Buy,0.432152,$23.14 ,($10.00)
2/20/24,2/20/24,2/22/24,GOOGL,"Alphabet Class A
CUSIP: 02079K305
Recurring",Buy,0.070997,$140.85 ,($10.00)
2/20/24,2/20/24,2/22/24,MSFT,"Microsoft
CUSIP: 594918104
Recurring",Buy,0.025004,$399.93 ,($10.00)
2/20/24,2/20/24,2/21/24,,ACH Deposit,ACH,,,$40.00 
2/16/24,2/16/24,2/20/24,MSFT,Option Expiration for MSFT 2/16/2024 Call $415.00,OEXP,3S,,
2/16/24,2/16/24,2/20/24,BYND,Option Expiration for BYND 2/16/2024 Put $6.00,OEXP,5S,,
2/16/24,2/16/24,2/20/24,OOMA,Option Expiration for OOMA 2/16/2024 Call $12.50,OEXP,10S,,
2/16/24,2/16/24,2/20/24,PYPL,Option Expiration for PYPL 2/16/2024 Call $67.00,OEXP,5S,,
2/16/24,2/16/24,2/20/24,NVDA,NVDA 2/23/2024 Call $735.00,BTO,1,$37.90 ,"($3,790.03)"
2/16/24,2/16/24,2/21/24,ME,"23andMe
CUSIP: 90138Q108",Sell,791,$0.78 ,$617.31 
2/16/24,2/16/24,2/21/24,ME,"23andMe
CUSIP: 90138Q108",Sell,209,$0.78 ,$163.12 
2/16/24,2/16/24,2/20/24,PLTR,PLTR 2/16/2024 Put $25.00,STC,1,$0.51 ,$50.95 
2/16/24,2/16/24,2/21/24,VOO,"Vanguard S&P 500 ETF
CUSIP: 922908363
Recurring",Buy,0.021683,$461.17 ,($10.00)
2/16/24,2/16/24,2/21/24,PLTR,"Palantir Technologies
CUSIP: 69608A108
Recurring",Buy,0.40453,$24.72 ,($10.00)
2/16/24,2/16/24,2/21/24,GOOGL,"Alphabet Class A
CUSIP: 02079K305
Recurring",Buy,0.071214,$140.42 ,($10.00)
2/16/24,2/16/24,2/21/24,MSFT,"Microsoft
CUSIP: 594918104
Recurring",Buy,0.024684,$405.11 ,($10.00)
2/16/24,2/16/24,2/20/24,,ACH Deposit,ACH,,,$40.00 
2/15/24,2/15/24,2/16/24,NVDA,NVDA 2/23/2024 Call $735.00,BTO,1,$40.18 ,"($4,018.03)"
2/15/24,2/15/24,2/16/24,NVDA,NVDA 2/23/2024 Call $735.00,BTO,1,$42.30 ,"($4,230.03)"
2/15/24,2/15/24,2/20/24,VOO,"Vanguard S&P 500 ETF
CUSIP: 922908363
Recurring",Buy,0.021695,$460.92 ,($10.00)
2/15/24,2/15/24,2/20/24,PLTR,"Palantir Technologies
CUSIP: 69608A108
Recurring",Buy,0.395569,$25.28 ,($10.00)
2/15/24,2/15/24,2/20/24,GOOGL,"Alphabet Class A
CUSIP: 02079K305
Recurring",Buy,0.070116,$142.62 ,($10.00)
2/15/24,2/15/24,2/20/24,MSFT,"Microsoft
CUSIP: 594918104
Recurring",Buy,0.024621,$406.15 ,($10.00)
2/15/24,2/15/24,2/16/24,NVDA,NVDA 2/16/2024 Call $725.00,STC,1,$13.05 ,"$1,304.94 "
2/15/24,2/15/24,2/16/24,,ACH Deposit,ACH,,,$40.00 
2/14/24,2/14/24,2/16/24,VOO,"Vanguard S&P 500 ETF
CUSIP: 922908363
Recurring",Buy,0.021926,$456.07 ,($10.00)
2/14/24,2/14/24,2/16/24,PLTR,"Palantir Technologies
CUSIP: 69608A108
Recurring",Buy,0.40016,$24.99 ,($10.00)
2/14/24,2/14/24,2/16/24,GOOGL,"Alphabet Class A
CUSIP: 02079K305
Recurring",Buy,0.069022,$144.88 ,($10.00)
2/14/24,2/14/24,2/16/24,MSFT,"Microsoft
CUSIP: 594918104
Recurring",Buy,0.024586,$406.73 ,($10.00)
2/14/24,2/14/24,2/15/24,,ACH Deposit,ACH,,,$40.00 
2/14/24,2/14/24,2/15/24,PLTR,PLTR 2/16/2024 Put $25.00,BTO,1,$0.61 ,($61.03)
2/13/24,2/13/24,2/15/24,VOO,"Vanguard S&P 500 ETF
CUSIP: 922908363
Recurring",Buy,0.022022,$454.09 ,($10.00)
2/13/24,2/13/24,2/15/24,PLTR,"Palantir Technologies
CUSIP: 69608A108
Recurring",Buy,0.406173,$24.62 ,($10.00)
2/13/24,2/13/24,2/15/24,GOOGL,"Alphabet Class A
CUSIP: 02079K305
Recurring",Buy,0.069022,$144.88 ,($10.00)
2/13/24,2/13/24,2/15/24,MSFT,"Microsoft
CUSIP: 594918104
Recurring",Buy,0.02454,$407.49 ,($10.00)
2/13/24,2/13/24,2/14/24,,ACH Deposit,ACH,,,$40.00 
2/13/24,2/13/24,2/14/24,MSFT,MSFT 2/16/2024 Call $415.00,BTO,2,$1.29 ,($258.06)
2/13/24,2/13/24,2/14/24,PLTR,PLTR 3/1/2024 Put $25.00,STC,5,$1.68 ,$839.83 
2/13/24,2/13/24,2/14/24,NVDA,NVDA 2/16/2024 Call $725.00,BTO,1,$6.65 ,($665.03)
2/13/24,2/13/24,2/14/24,CRWD,CRWD 4/19/2024 Call $330.00,BTO,1,$17.58 ,"($1,758.03)"
2/13/24,2/13/24,2/14/24,CRWD,CRWD 4/19/2024 Call $330.00,BTO,1,$17.58 ,"($1,758.03)"
2/13/24,2/13/24,2/14/24,KHC,KHC 4/19/2024 Call $40.00,STC,8,$0.18 ,$143.73 
2/13/24,2/13/24,2/14/24,KHC,KHC 4/19/2024 Call $40.00,STC,12,$0.18 ,$215.60 
2/12/24,2/12/24,2/14/24,VOO,"Vanguard S&P 500 ETF
CUSIP: 922908363
Recurring",Buy,0.021653,$461.82 ,($10.00)
2/12/24,2/12/24,2/13/24,PLTR,PLTR 3/1/2024 Put $25.00,BTO,3,$1.51 ,($453.09)
2/12/24,2/12/24,2/13/24,PLTR,PLTR 3/1/2024 Put $25.00,BTO,2,$1.51 ,($302.06)
2/12/24,2/12/24,2/14/24,PLTR,"Palantir Technologies
CUSIP: 69608A108
Recurring",Buy,0.404694,$24.71 ,($10.00)
2/12/24,2/12/24,2/14/24,GOOGL,"Alphabet Class A
CUSIP: 02079K305
Recurring",Buy,0.067303,$148.58 ,($10.00)
2/12/24,2/12/24,2/14/24,MSFT,"Microsoft
CUSIP: 594918104
Recurring",Buy,0.023922,$418.02 ,($10.00)
2/12/24,2/12/24,2/13/24,,ACH Deposit,ACH,,,$40.00 
2/12/24,2/12/24,2/13/24,TWLO,TWLO 2/16/2024 Call $75.00,STC,2,$3.75 ,$749.92 
2/12/24,2/12/24,2/13/24,MSFT,MSFT 2/16/2024 Call $415.00,BTO,1,$5.95 ,($595.03)
2/9/24,2/9/24,2/12/24,PLTR,Option Expiration for PLTR 2/9/2024 Put $21.50,OEXP,5S,,
2/9/24,2/9/24,2/13/24,VOO,"Vanguard S&P 500 ETF
CUSIP: 922908363
Recurring",Buy,0.021723,$460.33 ,($10.00)
2/9/24,2/9/24,2/13/24,PLTR,"Palantir Technologies
CUSIP: 69608A108
Recurring",Buy,0.407664,$24.53 ,($10.00)
2/9/24,2/9/24,2/13/24,GOOGL,"Alphabet Class A
CUSIP: 02079K305
Recurring",Buy,0.067028,$149.19 ,($10.00)
2/9/24,2/9/24,2/13/24,MSFT,"Microsoft
CUSIP: 594918104
Recurring",Buy,0.023839,$419.48 ,($10.00)
2/9/24,2/9/24,2/12/24,,ACH Deposit,ACH,,,$40.00 
2/8/24,2/8/24,2/12/24,VOO,"Vanguard S&P 500 ETF
CUSIP: 922908363
Recurring",Buy,0.021844,$457.79 ,($10.00)
2/8/24,2/8/24,2/12/24,PLTR,"Palantir Technologies
CUSIP: 69608A108
Recurring",Buy,0.401445,$24.91 ,($10.00)
2/8/24,2/8/24,2/12/24,GOOGL,"Alphabet Class A
CUSIP: 02079K305
Recurring",Buy,0.068572,$145.83 ,($10.00)
2/8/24,2/8/24,2/12/24,MSFT,"Microsoft
CUSIP: 594918104
Recurring",Buy,0.024154,$414.00 ,($10.00)
2/8/24,2/8/24,2/9/24,,ACH Deposit,ACH,,,$40.00 
2/8/24,2/8/24,2/9/24,PINS,PINS 2/23/2024 Call $39.50,STC,1,$3.40 ,$339.95 
2/8/24,2/8/24,2/9/24,PINS,PINS 2/23/2024 Call $39.50,STC,3,$3.40 ,"$1,019.89 "
2/8/24,2/8/24,2/9/24,PINS,PINS 2/23/2024 Call $39.50,STC,1,$3.40 ,$339.95 
2/7/24,2/7/24,2/9/24,VOO,"Vanguard S&P 500 ETF
CUSIP: 922908363
Recurring",Buy,0.021843,$457.81 ,($10.00)
2/7/24,2/7/24,2/9/24,GOOGL,"Alphabet Class A
CUSIP: 02079K305
Recurring",Buy,0.06887,$145.20 ,($10.00)
2/7/24,2/7/24,2/9/24,MSFT,"Microsoft
CUSIP: 594918104
Recurring",Buy,0.024233,$412.66 ,($10.00)
2/7/24,2/7/24,2/9/24,PLTR,"Palantir Technologies
CUSIP: 69608A108
Recurring",Buy,0.422832,$23.65 ,($10.00)
2/7/24,2/7/24,2/8/24,,ACH Deposit,ACH,,,$40.00 
2/7/24,2/7/24,2/8/24,PINS,PINS 2/23/2024 Call $39.50,BTO,2,$3.15 ,($630.06)
2/7/24,2/7/24,2/8/24,PYPL,PYPL 2/16/2024 Call $67.00,BTO,5,$1.70 ,($850.15)
2/7/24,2/7/24,2/8/24,PINS,PINS 2/23/2024 Call $39.50,BTO,1,$3.25 ,($325.03)
2/7/24,2/7/24,2/8/24,PINS,PINS 2/23/2024 Call $39.50,BTO,2,$3.25 ,($650.06)
2/7/24,2/7/24,2/8/24,BYND,BYND 2/16/2024 Put $6.00,BTO,5,$0.43 ,($215.15)
2/6/24,2/6/24,2/8/24,SOFI,"SoFi Technologies
CUSIP: 83406F102",Sell,100,$7.78 ,$778.47 
2/6/24,2/6/24,2/8/24,ME,"23andMe
CUSIP: 90138Q108",Buy,500,$0.72 ,($361.90)
2/6/24,2/6/24,2/8/24,VOO,"Vanguard S&P 500 ETF
CUSIP: 922908363
Recurring",Buy,0.022066,$453.18 ,($10.00)
2/6/24,2/6/24,2/8/24,GOOGL,"Alphabet Class A
CUSIP: 02079K305
Recurring",Buy,0.069531,$143.82 ,($10.00)
2/6/24,2/6/24,2/8/24,PLTR,"Palantir Technologies
CUSIP: 69608A108
Recurring",Buy,0.464037,$21.55 ,($10.00)
2/6/24,2/6/24,2/7/24,,ACH Deposit,ACH,,,$30.00 
2/6/24,2/6/24,2/7/24,PLTR,PLTR 2/9/2024 Put $21.50,BTO,5,$0.87 ,($435.15)
2/6/24,2/6/24,2/7/24,PLTR,PLTR 3/15/2024 Call $19.00,STC,2,$2.84 ,$567.92 
2/6/24,2/6/24,2/7/24,PLTR,PLTR 3/15/2024 Call $19.00,STC,8,$2.84 ,"$2,271.72 "
2/6/24,2/6/24,2/8/24,ME,"23andMe
CUSIP: 90138Q108",Buy,500,$0.67 ,($333.35)
2/5/24,2/5/24,2/7/24,VOO,"Vanguard S&P 500 ETF
CUSIP: 922908363
Recurring",Buy,0.022075,$452.99 ,($10.00)
2/5/24,2/5/24,2/7/24,PLTR,"Palantir Technologies
CUSIP: 69608A108
Recurring",Buy,0.59988,$16.67 ,($10.00)
2/5/24,2/5/24,2/6/24,,ACH Deposit,ACH,,,$20.00 
2/2/24,2/2/24,2/6/24,VOO,"Vanguard S&P 500 ETF
CUSIP: 922908363
Recurring",Buy,0.022042,$453.66 ,($10.00)
2/2/24,2/2/24,2/6/24,PLTR,"Palantir Technologies
CUSIP: 69608A108
Recurring",Buy,0.60024,$16.66 ,($10.00)
2/2/24,2/2/24,2/5/24,,ACH Deposit,ACH,,,$20.00 
2/1/24,2/1/24,2/5/24,PLTR,"Palantir Technologies
CUSIP: 69608A108
Recurring",Buy,0.615006,$16.26 ,($10.00)
2/1/24,2/1/24,2/5/24,VOO,"Vanguard S&P 500 ETF
CUSIP: 922908363
Recurring",Buy,0.022339,$447.64 ,($10.00)
2/1/24,2/1/24,2/2/24,,ACH Deposit,ACH,,,$20.00 
1/31/24,1/31/24,2/2/24,VOO,"Vanguard S&P 500 ETF
CUSIP: 922908363
Recurring",Buy,0.022328,$447.85 ,($10.00)
1/31/24,1/31/24,2/2/24,PLTR,"Palantir Technologies
CUSIP: 69608A108
Recurring",Buy,0.6035,$16.57 ,($10.00)
1/31/24,1/31/24,2/1/24,,ACH Deposit,ACH,,,$20.00 
1/30/24,1/30/24,2/1/24,VOO,"Vanguard S&P 500 ETF
CUSIP: 922908363
Recurring",Buy,0.022164,$451.18 ,($10.00)
1/30/24,1/30/24,2/1/24,PLTR,"Palantir Technologies
CUSIP: 69608A108
Recurring",Buy,0.596658,$16.76 ,($10.00)
1/30/24,1/30/24,1/31/24,,ACH Deposit,ACH,,,$20.00 
1/29/24,1/29/24,1/31/24,VOO,"Vanguard S&P 500 ETF
CUSIP: 922908363
Recurring",Buy,0.02228,$448.82 ,($10.00)
1/29/24,1/29/24,1/31/24,PLTR,"Palantir Technologies
CUSIP: 69608A108
Recurring",Buy,0.59952,$16.68 ,($10.00)
1/29/24,1/29/24,1/30/24,,ACH Deposit,ACH,,,$20.00 
1/29/24,1/29/24,1/29/24,,Aggregated Margin Rate,MINT,,,($215.04)
1/29/24,1/29/24,1/29/24,,Gold Subscription Fee,GOLD,,,($5.00)
1/26/24,1/26/24,1/30/24,VOO,"Vanguard S&P 500 ETF
CUSIP: 922908363
Recurring",Buy,0.02233,$447.82 ,($10.00)
1/26/24,1/26/24,1/30/24,PLTR,"Palantir Technologies
CUSIP: 69608A108
Recurring",Buy,0.607533,$16.46 ,($10.00)
1/26/24,1/26/24,1/29/24,,ACH Deposit,ACH,,,$20.00 
1/25/24,1/25/24,1/29/24,VOO,"Vanguard S&P 500 ETF
CUSIP: 922908363
Recurring",Buy,0.022385,$446.72 ,($10.00)
1/25/24,1/25/24,1/29/24,PLTR,"Palantir Technologies
CUSIP: 69608A108
Recurring",Buy,0.604594,$16.54 ,($10.00)
1/25/24,1/25/24,1/26/24,,ACH Deposit,ACH,,,$20.00 
1/24/24,1/24/24,1/26/24,VOO,"Vanguard S&P 500 ETF
CUSIP: 922908363
Recurring",Buy,0.022316,$448.10 ,($10.00)
1/24/24,1/24/24,1/26/24,PLTR,"Palantir Technologies
CUSIP: 69608A108
Recurring",Buy,0.586854,$17.04 ,($10.00)
1/24/24,1/24/24,1/25/24,,ACH Deposit,ACH,,,$20.00 
1/23/24,1/23/24,1/25/24,VOO,"Vanguard S&P 500 ETF
CUSIP: 922908363
Recurring",Buy,0.022498,$444.47 ,($10.00)
1/23/24,1/23/24,1/25/24,PLTR,"Palantir Technologies
CUSIP: 69608A108
Recurring",Buy,0.579374,$17.26 ,($10.00)
1/23/24,1/23/24,1/24/24,,ACH Deposit,ACH,,,$20.00 
1/23/24,1/23/24,1/24/24,TWLO,TWLO 2/16/2024 Call $75.00,BTO,2,$4.40 ,($880.06)
1/23/24,1/23/24,1/24/24,INFA,INFA 4/19/2024 Call $35.00,STC,15,$0.75 ,"$1,124.50 "
1/22/24,1/22/24,1/24/24,PLTR,"Palantir Technologies
CUSIP: 69608A108
Recurring",Buy,0.5698,$17.55 ,($10.00)
1/22/24,1/22/24,1/24/24,VOO,"Vanguard S&P 500 ETF
CUSIP: 922908363
Recurring",Buy,0.022502,$444.39 ,($10.00)
1/22/24,1/22/24,1/23/24,,ACH Deposit,ACH,,,$20.00 
1/22/24,1/22/24,1/23/24,PLTR,PLTR 1/26/2024 Call $17.00,STC,20,$0.91 ,"$1,819.32 "
1/19/24,1/19/24,1/22/24,MAT,Option Expiration for MAT 1/19/2024 Call $25.00,OEXP,30S,,
1/19/24,1/19/24,1/23/24,PLTR,"Palantir Technologies
CUSIP: 69608A108
Recurring",Buy,0.6105,$16.38 ,($10.00)
1/19/24,1/19/24,1/23/24,VOO,"Vanguard S&P 500 ETF
CUSIP: 922908363
Recurring",Buy,0.02262,$442.08 ,($10.00)
1/19/24,1/19/24,1/22/24,,ACH Deposit,ACH,,,$20.00 
1/18/24,1/18/24,1/22/24,VOO,"Vanguard S&P 500 ETF
CUSIP: 922908363
Recurring",Buy,0.023,$434.77 ,($10.00)
1/18/24,1/18/24,1/22/24,PLTR,"Palantir Technologies
CUSIP: 69608A108
Recurring",Buy,0.619578,$16.14 ,($10.00)
1/18/24,1/18/24,1/19/24,,ACH Deposit,ACH,,,$20.00 
1/17/24,1/17/24,1/18/24,,ACH Deposit,ACH,,,$550.00 
1/17/24,1/17/24,1/19/24,VOO,"Vanguard S&P 500 ETF
CUSIP: 922908363
Recurring",Buy,0.023121,$432.50 ,($10.00)
1/17/24,1/17/24,1/19/24,PLTR,"Palantir Technologies
CUSIP: 69608A108
Recurring",Buy,0.61425,$16.28 ,($10.00)
1/17/24,1/17/24,1/18/24,,ACH Deposit,ACH,,,$20.00 
1/17/24,1/17/24,1/18/24,,ACH Deposit,ACH,,,$50.00 
1/16/24,1/16/24,1/18/24,VOO,"Vanguard S&P 500 ETF
CUSIP: 922908363
Recurring",Buy,0.022903,$436.62 ,($10.00)
1/16/24,1/16/24,1/18/24,PLTR,"Palantir Technologies
CUSIP: 69608A108
Recurring",Buy,0.604594,$16.54 ,($10.00)
1/16/24,1/16/24,1/17/24,,ACH Deposit,ACH,,,$20.00 
1/16/24,1/16/24,1/17/24,,ACH Deposit,ACH,,,$400.00 
1/16/24,1/16/24,1/17/24,,ACH Deposit,ACH,,,$50.00 
1/12/24,1/12/24,1/17/24,VOO,"Vanguard S&P 500 ETF
CUSIP: 922908363
Recurring",Buy,0.022831,$437.99 ,($10.00)
1/12/24,1/12/24,1/17/24,PLTR,"Palantir Technologies
CUSIP: 69608A108
Recurring",Buy,0.594177,$16.83 ,($10.00)
1/12/24,1/12/24,1/16/24,,ACH Deposit,ACH,,,$20.00 
1/12/24,1/12/24,1/16/24,,ACH Deposit,ACH,,,$200.00 
1/11/24,1/11/24,1/16/24,VOO,"Vanguard S&P 500 ETF
CUSIP: 922908363
Recurring",Buy,0.022926,$436.17 ,($10.00)
1/11/24,1/11/24,1/16/24,VOO,"Vanguard S&P 500 ETF
CUSIP: 922908363
Recurring",Buy,0.022925,$436.20 ,($10.00)
1/11/24,1/11/24,1/16/24,PLTR,"Palantir Technologies
CUSIP: 69608A108
Recurring",Buy,0.603864,$16.56 ,($10.00)
1/11/24,1/11/24,1/16/24,PLTR,"Palantir Technologies
CUSIP: 69608A108
Recurring",Buy,0.603136,$16.58 ,($10.00)
1/11/24,1/11/24,1/12/24,,ACH Deposit,ACH,,,$20.00 
1/10/24,1/10/24,1/11/24,,ACH Deposit,ACH,,,$20.00 
1/9/24,1/9/24,1/11/24,VOO,"Vanguard S&P 500 ETF
CUSIP: 922908363
Recurring",Buy,0.02299,$434.96 ,($10.00)
1/9/24,1/9/24,1/11/24,PLTR,"Palantir Technologies
CUSIP: 69608A108
Recurring",Buy,0.607902,$16.45 ,($10.00)
1/9/24,1/9/24,1/10/24,,ACH Deposit,ACH,,,$20.00 
1/9/24,1/9/24,1/10/24,PLTR,PLTR 1/26/2024 Call $17.00,BTO,12,$0.54 ,($648.36)
1/9/24,1/9/24,1/10/24,PLTR,PLTR 1/26/2024 Call $17.00,BTO,4,$0.54 ,($216.12)
1/9/24,1/9/24,1/10/24,PLTR,PLTR 1/26/2024 Call $17.00,BTO,3,$0.54 ,($162.09)
1/9/24,1/9/24,1/10/24,PLTR,PLTR 1/26/2024 Call $17.00,BTO,1,$0.54 ,($54.03)
1/8/24,1/8/24,1/10/24,VOO,"Vanguard S&P 500 ETF
CUSIP: 922908363
Recurring",Buy,0.023077,$433.32 ,($10.00)
1/8/24,1/8/24,1/10/24,PLTR,"Palantir Technologies
CUSIP: 69608A108
Recurring",Buy,0.593119,$16.86 ,($10.00)
1/8/24,1/8/24,1/9/24,,ACH Deposit,ACH,,,$20.00 
1/8/24,1/8/24,1/9/24,,ACH Deposit,ACH,,,$200.00 
1/5/24,1/5/24,1/9/24,VOO,"Vanguard S&P 500 ETF
CUSIP: 922908363
Recurring",Buy,0.023252,$430.07 ,($10.00)
1/5/24,1/5/24,1/9/24,PLTR,"Palantir Technologies
CUSIP: 69608A108
Recurring",Buy,0.623441,$16.04 ,($10.00)
1/5/24,1/5/24,1/8/24,,ACH Deposit,ACH,,,$20.00 
1/4/24,1/4/24,1/8/24,VOO,"Vanguard S&P 500 ETF
CUSIP: 922908363
Recurring",Buy,0.023184,$431.33 ,($10.00)
1/4/24,1/4/24,1/8/24,PLTR,"Palantir Technologies
CUSIP: 69608A108
Recurring",Buy,0.608642,$16.43 ,($10.00)
1/4/24,1/4/24,1/5/24,,ACH Deposit,ACH,,,$20.00 
1/4/24,1/4/24,1/5/24,KHC,KHC 4/19/2024 Call $40.00,STC,10,$0.80 ,$799.66 
1/4/24,1/4/24,1/5/24,KHC,KHC 4/19/2024 Call $40.00,STC,5,$0.80 ,$399.83 
1/3/24,1/3/24,1/5/24,VOO,"Vanguard S&P 500 ETF
CUSIP: 922908363
Recurring",Buy,0.023142,$432.11 ,($10.00)
1/3/24,1/3/24,1/5/24,PLTR,"Palantir Technologies
CUSIP: 69608A108
Recurring",Buy,0.618811,$16.16 ,($10.00)
1/3/24,1/3/24,1/4/24,,ACH Deposit,ACH,,,$20.00 
1/2/24,1/2/24,1/4/24,VOO,"Vanguard S&P 500 ETF
CUSIP: 922908363
Recurring",Buy,0.023017,$434.46 ,($10.00)
1/2/24,1/2/24,1/4/24,PLTR,"Palantir Technologies
CUSIP: 69608A108
Recurring",Buy,0.597371,$16.74 ,($10.00)
1/2/24,1/2/24,1/3/24,,ACH Deposit,ACH,,,$20.00 
1/2/24,1/2/24,1/3/24,IONS,IONS 1/19/2024 Call $50.00,STC,2,$2.60 ,$519.92 